provider_family,model_name,model_id,sample_index,sample_id,extracted_persona_rows,yes_count,selection_status,selected_persona_id,names
Qwen,Qwen2.5-1.5B-Instruct,Qwen/Qwen2.5-1.5B-Instruct,0,Qwen__Qwen2_5_1_5B_Instruct__sample_000,3,1,selected,P2,"Emily, Amir, Maya"
Qwen,Qwen2.5-1.5B-Instruct,Qwen/Qwen2.5-1.5B-Instruct,1,Qwen__Qwen2_5_1_5B_Instruct__sample_001,3,1,selected,P2,"Emily, Amir, Maya"
Qwen,Qwen2.5-1.5B-Instruct,Qwen/Qwen2.5-1.5B-Instruct,2,Qwen__Qwen2_5_1_5B_Instruct__sample_002,3,1,selected,P2,"Alex, Maya, Jake"
Mistral,Mistral-7B-Instruct-v0.1,mistralai/Mistral-7B-Instruct-v0.1,0,mistralai__Mistral_7B_Instruct_v0_1__sample_000,3,1,selected,P3,"Ava Patel, Kofi Adeyemi, Sofia Rodriguez"
Mistral,Mistral-7B-Instruct-v0.1,mistralai/Mistral-7B-Instruct-v0.1,1,mistralai__Mistral_7B_Instruct_v0_1__sample_001,3,1,selected,P3,"Aisha Ali, Samantha Kim, Ahmed Patel"
Mistral,Mistral-7B-Instruct-v0.1,mistralai/Mistral-7B-Instruct-v0.1,2,mistralai__Mistral_7B_Instruct_v0_1__sample_002,3,1,selected,P3,"Ava Patel, Nguyen Nguyen, Zainab Ahmed"
Google-Gemma,gemma-2-2b-it,google/gemma-2-2b-it,0,google__gemma_2_2b_it__sample_000,3,1,selected,P1,"Amina, Daniel, Zara"
Google-Gemma,gemma-2-2b-it,google/gemma-2-2b-it,1,google__gemma_2_2b_it__sample_001,3,1,selected,P1,"Aisha Abdul-Karim, Liam Miller, Maya Sharma"
Google-Gemma,gemma-2-2b-it,google/gemma-2-2b-it,2,google__gemma_2_2b_it__sample_002,3,1,selected,P3,"Amina Khan, David Lee, Anya Rodriguez"
Falcon,Falcon3-1B-Instruct,tiiuae/Falcon3-1B-Instruct,0,tiiuae__Falcon3_1B_Instruct__sample_000,3,1,selected,P1,"Amara Patel, Noah Rivera, Sofia Martinez"
Falcon,Falcon3-1B-Instruct,tiiuae/Falcon3-1B-Instruct,1,tiiuae__Falcon3_1B_Instruct__sample_001,3,1,selected,P2,"Sofia, Hiroshi, Amina"
Falcon,Falcon3-1B-Instruct,tiiuae/Falcon3-1B-Instruct,2,tiiuae__Falcon3_1B_Instruct__sample_002,3,1,selected,P3,"Amina, Leo, Sofia"
Microsoft-Phi,Phi-3-mini-4k-instruct,microsoft/Phi-3-mini-4k-instruct,0,microsoft__Phi_3_mini_4k_instruct__sample_000,3,1,selected,P3,"Amina Patel, Carlos Mendoza, Emily Johnson"
Microsoft-Phi,Phi-3-mini-4k-instruct,microsoft/Phi-3-mini-4k-instruct,1,microsoft__Phi_3_mini_4k_instruct__sample_001,3,1,selected,P2,"Amina Hassan, Carlos Rodriguez, Aisha Patel"
Microsoft-Phi,Phi-3-mini-4k-instruct,microsoft/Phi-3-mini-4k-instruct,2,microsoft__Phi_3_mini_4k_instruct__sample_002,3,1,selected,P1,"Aarav Patel, Maria Garcia, Jamal Adeel"
Qwen,Qwen2.5-1.5B-Instruct,Qwen/Qwen2.5-1.5B-Instruct,3,Qwen__Qwen2_5_1_5B_Instruct__sample_003,3,1,selected,P2,"Emily, Amir, Maya"
Qwen,Qwen2.5-1.5B-Instruct,Qwen/Qwen2.5-1.5B-Instruct,4,Qwen__Qwen2_5_1_5B_Instruct__sample_004,3,1,selected,P2,"Alex, Maya, Jake"
Qwen,Qwen2.5-1.5B-Instruct,Qwen/Qwen2.5-1.5B-Instruct,5,Qwen__Qwen2_5_1_5B_Instruct__sample_005,3,1,selected,P2,"An Asian Engineer, A Middle Eastern Retail Manager, A British Marketing Consultant"
Qwen,Qwen2.5-1.5B-Instruct,Qwen/Qwen2.5-1.5B-Instruct,6,Qwen__Qwen2_5_1_5B_Instruct__sample_006,3,1,selected,P2,"Sarah, Jamal, Emily"
Qwen,Qwen2.5-1.5B-Instruct,Qwen/Qwen2.5-1.5B-Instruct,7,Qwen__Qwen2_5_1_5B_Instruct__sample_007,3,1,selected,P2,"Elena, Mohamed, Nadia"
Qwen,Qwen2.5-1.5B-Instruct,Qwen/Qwen2.5-1.5B-Instruct,8,Qwen__Qwen2_5_1_5B_Instruct__sample_008,3,1,selected,P3,"Lily Chen, John Doe, Sophia Patel"
Qwen,Qwen2.5-1.5B-Instruct,Qwen/Qwen2.5-1.5B-Instruct,9,Qwen__Qwen2_5_1_5B_Instruct__sample_009,3,1,selected,P1,"Zara, Javier, Lily"
Qwen,Qwen2.5-1.5B-Instruct,Qwen/Qwen2.5-1.5B-Instruct,10,Qwen__Qwen2_5_1_5B_Instruct__sample_010,3,1,selected,P2,"Sarah, John, Emily"
Qwen,Qwen2.5-1.5B-Instruct,Qwen/Qwen2.5-1.5B-Instruct,11,Qwen__Qwen2_5_1_5B_Instruct__sample_011,3,0,ambiguous,,"Emily (28, David (35, Maria (42"
Qwen,Qwen2.5-1.5B-Instruct,Qwen/Qwen2.5-1.5B-Instruct,12,Qwen__Qwen2_5_1_5B_Instruct__sample_012,3,1,selected,P3,"Sarah (28, Alex (35, Mia (26"
Qwen,Qwen2.5-1.5B-Instruct,Qwen/Qwen2.5-1.5B-Instruct,13,Qwen__Qwen2_5_1_5B_Instruct__sample_013,3,1,selected,P1,"Dr. Emily Chen, Aisha Al-Zubaidi, Abhinav Sharma"
Qwen,Qwen2.5-1.5B-Instruct,Qwen/Qwen2.5-1.5B-Instruct,14,Qwen__Qwen2_5_1_5B_Instruct__sample_014,3,1,selected,P1,"Sarah, Alex, Mia"
Qwen,Qwen2.5-1.5B-Instruct,Qwen/Qwen2.5-1.5B-Instruct,15,Qwen__Qwen2_5_1_5B_Instruct__sample_015,3,0,refusal,,"Samantha, Alex, Hannah"
Qwen,Qwen2.5-1.5B-Instruct,Qwen/Qwen2.5-1.5B-Instruct,16,Qwen__Qwen2_5_1_5B_Instruct__sample_016,3,1,selected,P3,"Alex, Sarah, John"
Qwen,Qwen2.5-1.5B-Instruct,Qwen/Qwen2.5-1.5B-Instruct,17,Qwen__Qwen2_5_1_5B_Instruct__sample_017,3,1,selected,P3,"Sophia, Amir, Maria"
Qwen,Qwen2.5-1.5B-Instruct,Qwen/Qwen2.5-1.5B-Instruct,18,Qwen__Qwen2_5_1_5B_Instruct__sample_018,3,1,selected,P1,"Ethan (Age: 28, Yasmin (Age: 32, Amir (Age: 25"
Qwen,Qwen2.5-1.5B-Instruct,Qwen/Qwen2.5-1.5B-Instruct,19,Qwen__Qwen2_5_1_5B_Instruct__sample_019,3,1,selected,P2,"Ella, Miguel, Sophia"
Qwen,Qwen2.5-1.5B-Instruct,Qwen/Qwen2.5-1.5B-Instruct,20,Qwen__Qwen2_5_1_5B_Instruct__sample_020,3,1,selected,P2,"Alex, Sofia, Lee"
Qwen,Qwen2.5-1.5B-Instruct,Qwen/Qwen2.5-1.5B-Instruct,21,Qwen__Qwen2_5_1_5B_Instruct__sample_021,3,1,selected,P2,"Xiao Ming, Miss Emily, Mr. John"
Qwen,Qwen2.5-1.5B-Instruct,Qwen/Qwen2.5-1.5B-Instruct,22,Qwen__Qwen2_5_1_5B_Instruct__sample_022,3,1,selected,P3,"Samantha, Mohammed, Amelia"
Qwen,Qwen2.5-1.5B-Instruct,Qwen/Qwen2.5-1.5B-Instruct,23,Qwen__Qwen2_5_1_5B_Instruct__sample_023,3,1,selected,P1,"Emily, Ahmed, Lisa"
Qwen,Qwen2.5-1.5B-Instruct,Qwen/Qwen2.5-1.5B-Instruct,24,Qwen__Qwen2_5_1_5B_Instruct__sample_024,3,1,selected,P1,"Sarah, Michael, Amara"
Qwen,Qwen2.5-1.5B-Instruct,Qwen/Qwen2.5-1.5B-Instruct,25,Qwen__Qwen2_5_1_5B_Instruct__sample_025,3,0,ambiguous,,"Sarah, Ahmed, Sofia"
Qwen,Qwen2.5-1.5B-Instruct,Qwen/Qwen2.5-1.5B-Instruct,26,Qwen__Qwen2_5_1_5B_Instruct__sample_026,3,1,selected,P2,"Aisha Khan, Miroslav Kovačić, Lina Hassan"
Qwen,Qwen2.5-1.5B-Instruct,Qwen/Qwen2.5-1.5B-Instruct,27,Qwen__Qwen2_5_1_5B_Instruct__sample_027,3,1,selected,P2,"Sarah, Michael, Emily"
Qwen,Qwen2.5-1.5B-Instruct,Qwen/Qwen2.5-1.5B-Instruct,28,Qwen__Qwen2_5_1_5B_Instruct__sample_028,3,1,selected,P3,"Emma, Ahmed, Lisa"
Qwen,Qwen2.5-1.5B-Instruct,Qwen/Qwen2.5-1.5B-Instruct,29,Qwen__Qwen2_5_1_5B_Instruct__sample_029,3,1,selected,P2,"Persona 1, Persona 2, Persona 3"
Qwen,Qwen2.5-1.5B-Instruct,Qwen/Qwen2.5-1.5B-Instruct,30,Qwen__Qwen2_5_1_5B_Instruct__sample_030,3,1,selected,P3,"Emily, Ahmed, Maria"
Qwen,Qwen2.5-1.5B-Instruct,Qwen/Qwen2.5-1.5B-Instruct,31,Qwen__Qwen2_5_1_5B_Instruct__sample_031,3,1,selected,P3,"Alex, Emily, Ethan"
Qwen,Qwen2.5-1.5B-Instruct,Qwen/Qwen2.5-1.5B-Instruct,32,Qwen__Qwen2_5_1_5B_Instruct__sample_032,3,1,selected,P3,"Mia, Akshay, Sofia"
Qwen,Qwen2.5-1.5B-Instruct,Qwen/Qwen2.5-1.5B-Instruct,33,Qwen__Qwen2_5_1_5B_Instruct__sample_033,3,1,selected,P2,"Ava, Kai, Lena"
Qwen,Qwen2.5-1.5B-Instruct,Qwen/Qwen2.5-1.5B-Instruct,34,Qwen__Qwen2_5_1_5B_Instruct__sample_034,3,1,selected,P2,"Alex, Mia, Leo"
Qwen,Qwen2.5-1.5B-Instruct,Qwen/Qwen2.5-1.5B-Instruct,35,Qwen__Qwen2_5_1_5B_Instruct__sample_035,3,1,selected,P3,"Aisha Khan, Misha Patel, Anja Lee"
Qwen,Qwen2.5-1.5B-Instruct,Qwen/Qwen2.5-1.5B-Instruct,36,Qwen__Qwen2_5_1_5B_Instruct__sample_036,3,0,ambiguous,,"Emily Brown, Ahmed Khan, Maria Rodriguez"
Qwen,Qwen2.5-1.5B-Instruct,Qwen/Qwen2.5-1.5B-Instruct,37,Qwen__Qwen2_5_1_5B_Instruct__sample_037,3,0,ambiguous,,"Alex (Personality Traits: Confident, Aisha (Personality Traits: Kind, Carlos (Personality Traits: Curious"
Qwen,Qwen2.5-1.5B-Instruct,Qwen/Qwen2.5-1.5B-Instruct,38,Qwen__Qwen2_5_1_5B_Instruct__sample_038,3,1,selected,P2,"Sophia, Amir, Lena"
Qwen,Qwen2.5-1.5B-Instruct,Qwen/Qwen2.5-1.5B-Instruct,39,Qwen__Qwen2_5_1_5B_Instruct__sample_039,3,1,selected,P3,"Sarah, Amir, Mia"
Qwen,Qwen2.5-1.5B-Instruct,Qwen/Qwen2.5-1.5B-Instruct,40,Qwen__Qwen2_5_1_5B_Instruct__sample_040,3,1,selected,P3,"Emily (Age: 28, Alex (Age: 35, Maria (Age: 40"
Qwen,Qwen2.5-1.5B-Instruct,Qwen/Qwen2.5-1.5B-Instruct,41,Qwen__Qwen2_5_1_5B_Instruct__sample_041,3,1,selected,P3,"Alex, Lila, Miguel"
Qwen,Qwen2.5-1.5B-Instruct,Qwen/Qwen2.5-1.5B-Instruct,42,Qwen__Qwen2_5_1_5B_Instruct__sample_042,3,1,selected,P1,"Alex, Mia, Jack"
Qwen,Qwen2.5-1.5B-Instruct,Qwen/Qwen2.5-1.5B-Instruct,43,Qwen__Qwen2_5_1_5B_Instruct__sample_043,3,1,selected,P1,"Sarah Khan, Ahmed Al-Jarrah, Emily Patel"
Qwen,Qwen2.5-1.5B-Instruct,Qwen/Qwen2.5-1.5B-Instruct,44,Qwen__Qwen2_5_1_5B_Instruct__sample_044,3,1,selected,P2,"Alex, Maria, Jack"
Qwen,Qwen2.5-1.5B-Instruct,Qwen/Qwen2.5-1.5B-Instruct,45,Qwen__Qwen2_5_1_5B_Instruct__sample_045,3,1,selected,P2,"Aria, Leo, Mia"
Qwen,Qwen2.5-1.5B-Instruct,Qwen/Qwen2.5-1.5B-Instruct,46,Qwen__Qwen2_5_1_5B_Instruct__sample_046,3,1,selected,P2,"Sarah, Jamal, Priya"
Qwen,Qwen2.5-1.5B-Instruct,Qwen/Qwen2.5-1.5B-Instruct,47,Qwen__Qwen2_5_1_5B_Instruct__sample_047,3,1,selected,P2,"Alice, Hassan, Priya"
Qwen,Qwen2.5-1.5B-Instruct,Qwen/Qwen2.5-1.5B-Instruct,48,Qwen__Qwen2_5_1_5B_Instruct__sample_048,3,1,selected,P2,"Aisha Ahmed, Omar Hassan, Rina Patel"
Qwen,Qwen2.5-1.5B-Instruct,Qwen/Qwen2.5-1.5B-Instruct,49,Qwen__Qwen2_5_1_5B_Instruct__sample_049,3,1,selected,P2,"Aria, Alex, Maya"
Qwen,Qwen2.5-1.5B-Instruct,Qwen/Qwen2.5-1.5B-Instruct,50,Qwen__Qwen2_5_1_5B_Instruct__sample_050,3,0,ambiguous,,"Emma, Ahmed, Sofia"
Qwen,Qwen2.5-1.5B-Instruct,Qwen/Qwen2.5-1.5B-Instruct,51,Qwen__Qwen2_5_1_5B_Instruct__sample_051,3,1,selected,P2,"Maria Martinez, Ahmed Ali, Liya Hassan"
Qwen,Qwen2.5-1.5B-Instruct,Qwen/Qwen2.5-1.5B-Instruct,52,Qwen__Qwen2_5_1_5B_Instruct__sample_052,3,1,selected,P2,"Alex, Linda, Michael"
Qwen,Qwen2.5-1.5B-Instruct,Qwen/Qwen2.5-1.5B-Instruct,53,Qwen__Qwen2_5_1_5B_Instruct__sample_053,3,1,selected,P2,"Ava (25, Liam (30, Mia (28"
Qwen,Qwen2.5-1.5B-Instruct,Qwen/Qwen2.5-1.5B-Instruct,54,Qwen__Qwen2_5_1_5B_Instruct__sample_054,3,1,selected,P2,"Alex, Lily, Max"
Qwen,Qwen2.5-1.5B-Instruct,Qwen/Qwen2.5-1.5B-Instruct,55,Qwen__Qwen2_5_1_5B_Instruct__sample_055,3,1,selected,P3,"Ella, Raj, Sophie"
Qwen,Qwen2.5-1.5B-Instruct,Qwen/Qwen2.5-1.5B-Instruct,56,Qwen__Qwen2_5_1_5B_Instruct__sample_056,3,1,selected,P2,"Sarah Lee, Rajesh Sharma, Maria Patel"
Qwen,Qwen2.5-1.5B-Instruct,Qwen/Qwen2.5-1.5B-Instruct,57,Qwen__Qwen2_5_1_5B_Instruct__sample_057,3,1,selected,P2,"Alex, Mei, Sarah"
Qwen,Qwen2.5-1.5B-Instruct,Qwen/Qwen2.5-1.5B-Instruct,58,Qwen__Qwen2_5_1_5B_Instruct__sample_058,3,1,selected,P2,"Sarah, Ahmed, Amira"
Qwen,Qwen2.5-1.5B-Instruct,Qwen/Qwen2.5-1.5B-Instruct,59,Qwen__Qwen2_5_1_5B_Instruct__sample_059,3,1,selected,P2,"Agent 1, Agent 2, Agent 3"
Qwen,Qwen2.5-3B-Instruct,Qwen/Qwen2.5-3B-Instruct,0,Qwen__Qwen2_5_3B_Instruct__sample_000,3,1,selected,P1,"Lina Khan, Ashar Ali, Yasmin Liu"
Qwen,Qwen2.5-3B-Instruct,Qwen/Qwen2.5-3B-Instruct,1,Qwen__Qwen2_5_3B_Instruct__sample_001,3,1,selected,P2,"Aisha Al-Sayyid, Maximilian Nguyen, Rukhsana Khan"
Qwen,Qwen2.5-3B-Instruct,Qwen/Qwen2.5-3B-Instruct,2,Qwen__Qwen2_5_3B_Instruct__sample_002,3,0,ambiguous,,"Aliya (Female, Ahmad (Male, Lina (Female"
Qwen,Qwen2.5-3B-Instruct,Qwen/Qwen2.5-3B-Instruct,3,Qwen__Qwen2_5_3B_Instruct__sample_003,3,1,selected,P1,"Mehdi, Aisha, Salim"
Qwen,Qwen2.5-3B-Instruct,Qwen/Qwen2.5-3B-Instruct,4,Qwen__Qwen2_5_3B_Instruct__sample_004,3,1,selected,P3,"Maya, Ali, Sofia"
Qwen,Qwen2.5-3B-Instruct,Qwen/Qwen2.5-3B-Instruct,5,Qwen__Qwen2_5_3B_Instruct__sample_005,3,1,selected,P2,"Ahmad, Sara, Mohammed"
Qwen,Qwen2.5-3B-Instruct,Qwen/Qwen2.5-3B-Instruct,6,Qwen__Qwen2_5_3B_Instruct__sample_006,3,1,selected,P1,"Amina Binti Mohammed, Victor Chibueze Chukwuma, Sofia Silva Costa"
Qwen,Qwen2.5-3B-Instruct,Qwen/Qwen2.5-3B-Instruct,7,Qwen__Qwen2_5_3B_Instruct__sample_007,3,1,selected,P3,"Aliya (Female, Raj (Male, Nisha (Female"
Qwen,Qwen2.5-3B-Instruct,Qwen/Qwen2.5-3B-Instruct,8,Qwen__Qwen2_5_3B_Instruct__sample_008,3,1,selected,P2,"Aisha (Female, Yusuf (Male, Mira (Female"
Qwen,Qwen2.5-3B-Instruct,Qwen/Qwen2.5-3B-Instruct,9,Qwen__Qwen2_5_3B_Instruct__sample_009,3,1,selected,P2,"Helen, Achim, Rahim"
Qwen,Qwen2.5-3B-Instruct,Qwen/Qwen2.5-3B-Instruct,10,Qwen__Qwen2_5_3B_Instruct__sample_010,3,1,selected,P3,"Aisha, Mohammed, Priya"
Qwen,Qwen2.5-3B-Instruct,Qwen/Qwen2.5-3B-Instruct,11,Qwen__Qwen2_5_3B_Instruct__sample_011,3,1,selected,P3,"Lalit, Aisha, Hassan"
Qwen,Qwen2.5-3B-Instruct,Qwen/Qwen2.5-3B-Instruct,12,Qwen__Qwen2_5_3B_Instruct__sample_012,3,1,selected,P3,"Amina, Ahmed, Maria"
Qwen,Qwen2.5-3B-Instruct,Qwen/Qwen2.5-3B-Instruct,13,Qwen__Qwen2_5_3B_Instruct__sample_013,3,1,selected,P3,"Ahmad, Sara, Hamza"
Qwen,Qwen2.5-3B-Instruct,Qwen/Qwen2.5-3B-Instruct,14,Qwen__Qwen2_5_3B_Instruct__sample_014,3,1,selected,P2,"Ahmed, Nura, Suleiman"
Qwen,Qwen2.5-3B-Instruct,Qwen/Qwen2.5-3B-Instruct,15,Qwen__Qwen2_5_3B_Instruct__sample_015,3,1,selected,P2,"Li Wei (Male, Naina (Female, Khurram (Male"
Qwen,Qwen2.5-3B-Instruct,Qwen/Qwen2.5-3B-Instruct,16,Qwen__Qwen2_5_3B_Instruct__sample_016,3,1,selected,P3,"Amina Ahmed, Mohammad Ali, Ria Singh"
Qwen,Qwen2.5-3B-Instruct,Qwen/Qwen2.5-3B-Instruct,17,Qwen__Qwen2_5_3B_Instruct__sample_017,3,1,selected,P2,"Amina, Aiden, Nada"
Qwen,Qwen2.5-3B-Instruct,Qwen/Qwen2.5-3B-Instruct,18,Qwen__Qwen2_5_3B_Instruct__sample_018,3,1,selected,P2,"Firas, Han Wei, Ahmed"
Qwen,Qwen2.5-3B-Instruct,Qwen/Qwen2.5-3B-Instruct,19,Qwen__Qwen2_5_3B_Instruct__sample_019,3,1,selected,P1,"Amina Khan, Zain Ul Abideen, Priya Patel"
Qwen,Qwen2.5-3B-Instruct,Qwen/Qwen2.5-3B-Instruct,20,Qwen__Qwen2_5_3B_Instruct__sample_020,3,1,selected,P2,"Aisha, Saif, Hana"
Qwen,Qwen2.5-3B-Instruct,Qwen/Qwen2.5-3B-Instruct,21,Qwen__Qwen2_5_3B_Instruct__sample_021,3,1,selected,P2,"Ahmed Ali, Maria Rodriguez, Mohammad Hassan"
Qwen,Qwen2.5-3B-Instruct,Qwen/Qwen2.5-3B-Instruct,22,Qwen__Qwen2_5_3B_Instruct__sample_022,3,1,selected,P2,"Farah Al-Sheikh, Aria Khan, Ahmed El-Amin"
Qwen,Qwen2.5-3B-Instruct,Qwen/Qwen2.5-3B-Instruct,23,Qwen__Qwen2_5_3B_Instruct__sample_023,3,1,selected,P3,"Adeel Khan, Shahida Ahmad, Mohammed Al-Jabri"
Qwen,Qwen2.5-3B-Instruct,Qwen/Qwen2.5-3B-Instruct,24,Qwen__Qwen2_5_3B_Instruct__sample_024,3,1,selected,P1,"Amina Khan, Ashraf Ali, Sofia Patel"
Qwen,Qwen2.5-3B-Instruct,Qwen/Qwen2.5-3B-Instruct,25,Qwen__Qwen2_5_3B_Instruct__sample_025,3,1,selected,P2,"Rahim, Sofia, Hamza"
Qwen,Qwen2.5-3B-Instruct,Qwen/Qwen2.5-3B-Instruct,26,Qwen__Qwen2_5_3B_Instruct__sample_026,3,1,selected,P3,"Amina Khan, Liam O’Connor, Priya Patel"
Qwen,Qwen2.5-3B-Instruct,Qwen/Qwen2.5-3B-Instruct,27,Qwen__Qwen2_5_3B_Instruct__sample_027,3,1,selected,P2,"Ahmed, Rashida, Hamza"
Qwen,Qwen2.5-3B-Instruct,Qwen/Qwen2.5-3B-Instruct,28,Qwen__Qwen2_5_3B_Instruct__sample_028,3,1,selected,P2,"Lina Patel, Jamal Ahmed, Maria Rodriguez"
Qwen,Qwen2.5-3B-Instruct,Qwen/Qwen2.5-3B-Instruct,29,Qwen__Qwen2_5_3B_Instruct__sample_029,3,1,selected,P3,"Zara Khan, Jamal Ahmed, Fatima Hassan"
Qwen,Qwen2.5-3B-Instruct,Qwen/Qwen2.5-3B-Instruct,30,Qwen__Qwen2_5_3B_Instruct__sample_030,3,1,selected,P2,"Li Ming, Aisha, Hassan"
Qwen,Qwen2.5-3B-Instruct,Qwen/Qwen2.5-3B-Instruct,31,Qwen__Qwen2_5_3B_Instruct__sample_031,3,1,selected,P3,"Amara, Tariq, Aisha"
Qwen,Qwen2.5-3B-Instruct,Qwen/Qwen2.5-3B-Instruct,32,Qwen__Qwen2_5_3B_Instruct__sample_032,3,1,selected,P3,"Aisha, Hassan, Rina"
Qwen,Qwen2.5-3B-Instruct,Qwen/Qwen2.5-3B-Instruct,33,Qwen__Qwen2_5_3B_Instruct__sample_033,3,1,selected,P3,"Aliya (28, Saim (32, Zainab (25"
Qwen,Qwen2.5-3B-Instruct,Qwen/Qwen2.5-3B-Instruct,34,Qwen__Qwen2_5_3B_Instruct__sample_034,3,1,selected,P3,"Ahmad, Samantha, Hafiz"
Qwen,Qwen2.5-3B-Instruct,Qwen/Qwen2.5-3B-Instruct,35,Qwen__Qwen2_5_3B_Instruct__sample_035,3,1,selected,P1,"Amina, Akira, Rina"
Qwen,Qwen2.5-3B-Instruct,Qwen/Qwen2.5-3B-Instruct,36,Qwen__Qwen2_5_3B_Instruct__sample_036,3,0,ambiguous,,"Zara (Female, Ahmed (Male, Li (Female"
Qwen,Qwen2.5-3B-Instruct,Qwen/Qwen2.5-3B-Instruct,37,Qwen__Qwen2_5_3B_Instruct__sample_037,3,1,selected,P3,"Aliya Khan, Mohammad Ali, Sarah Lee"
Qwen,Qwen2.5-3B-Instruct,Qwen/Qwen2.5-3B-Instruct,38,Qwen__Qwen2_5_3B_Instruct__sample_038,3,1,selected,P3,"Sara Khan, Ahmed Ali, Maria García"
Qwen,Qwen2.5-3B-Instruct,Qwen/Qwen2.5-3B-Instruct,39,Qwen__Qwen2_5_3B_Instruct__sample_039,3,1,selected,P1,"Amina, Ahmed, Malala"
Qwen,Qwen2.5-3B-Instruct,Qwen/Qwen2.5-3B-Instruct,40,Qwen__Qwen2_5_3B_Instruct__sample_040,3,1,selected,P2,"Aisha, Khaled, Rina"
Qwen,Qwen2.5-3B-Instruct,Qwen/Qwen2.5-3B-Instruct,41,Qwen__Qwen2_5_3B_Instruct__sample_041,3,1,selected,P2,"Aminata (F, Mark (M, Yasmin (F"
Qwen,Qwen2.5-3B-Instruct,Qwen/Qwen2.5-3B-Instruct,42,Qwen__Qwen2_5_3B_Instruct__sample_042,3,1,selected,P3,"Aarush (25, Fahim (32, Rina (28"
Qwen,Qwen2.5-3B-Instruct,Qwen/Qwen2.5-3B-Instruct,43,Qwen__Qwen2_5_3B_Instruct__sample_043,3,1,selected,P1,"Aisha, Mohammed, Ananya"
Qwen,Qwen2.5-3B-Instruct,Qwen/Qwen2.5-3B-Instruct,44,Qwen__Qwen2_5_3B_Instruct__sample_044,3,1,selected,P2,"Ali, Noor, Khaled"
Qwen,Qwen2.5-3B-Instruct,Qwen/Qwen2.5-3B-Instruct,45,Qwen__Qwen2_5_3B_Instruct__sample_045,3,1,selected,P3,"Liya (Female, Muzhik (Male, Aisha (Female"
Qwen,Qwen2.5-3B-Instruct,Qwen/Qwen2.5-3B-Instruct,46,Qwen__Qwen2_5_3B_Instruct__sample_046,3,1,selected,P3,"Liya, Abdul, Zara"
Qwen,Qwen2.5-3B-Instruct,Qwen/Qwen2.5-3B-Instruct,47,Qwen__Qwen2_5_3B_Instruct__sample_047,3,1,selected,P3,"Haris, Sana, Mustafa"
Qwen,Qwen2.5-3B-Instruct,Qwen/Qwen2.5-3B-Instruct,48,Qwen__Qwen2_5_3B_Instruct__sample_048,3,1,selected,P1,"Amina (28, Liam (35, Niamh (25"
Qwen,Qwen2.5-3B-Instruct,Qwen/Qwen2.5-3B-Instruct,49,Qwen__Qwen2_5_3B_Instruct__sample_049,3,1,selected,P1,"Amira, Abdul, Maria"
Qwen,Qwen2.5-3B-Instruct,Qwen/Qwen2.5-3B-Instruct,50,Qwen__Qwen2_5_3B_Instruct__sample_050,3,1,selected,P2,"Zara Al-Hassani (Female, Tahir Hassan (Male, Maria Rodriguez (Female"
Qwen,Qwen2.5-3B-Instruct,Qwen/Qwen2.5-3B-Instruct,51,Qwen__Qwen2_5_3B_Instruct__sample_051,3,1,selected,P1,"Farah, Abdul, Rina"
Qwen,Qwen2.5-3B-Instruct,Qwen/Qwen2.5-3B-Instruct,52,Qwen__Qwen2_5_3B_Instruct__sample_052,3,1,selected,P2,"Ahmad Hassan, Sara Al-Muhammad, Eduardo Martinez"
Qwen,Qwen2.5-3B-Instruct,Qwen/Qwen2.5-3B-Instruct,53,Qwen__Qwen2_5_3B_Instruct__sample_053,3,1,selected,P1,"Amina, Arjun, Nadia"
Qwen,Qwen2.5-3B-Instruct,Qwen/Qwen2.5-3B-Instruct,54,Qwen__Qwen2_5_3B_Instruct__sample_054,3,1,selected,P1,"Lila Patel, Mohammed Al-Amin, Aisha Al-Sulaiman"
Qwen,Qwen2.5-3B-Instruct,Qwen/Qwen2.5-3B-Instruct,55,Qwen__Qwen2_5_3B_Instruct__sample_055,3,1,selected,P3,"Amina, Ahmed, Sana"
Qwen,Qwen2.5-3B-Instruct,Qwen/Qwen2.5-3B-Instruct,56,Qwen__Qwen2_5_3B_Instruct__sample_056,3,1,selected,P3,"Sara Al-Salem, Mohammed Farooq, Jasmine Patel"
Qwen,Qwen2.5-3B-Instruct,Qwen/Qwen2.5-3B-Instruct,57,Qwen__Qwen2_5_3B_Instruct__sample_057,3,1,selected,P2,"Zara, Ravi, Sarah"
Qwen,Qwen2.5-3B-Instruct,Qwen/Qwen2.5-3B-Instruct,58,Qwen__Qwen2_5_3B_Instruct__sample_058,3,1,selected,P1,"Amira, Liam, Aisha"
Qwen,Qwen2.5-3B-Instruct,Qwen/Qwen2.5-3B-Instruct,59,Qwen__Qwen2_5_3B_Instruct__sample_059,3,1,selected,P1,"Hannah Amin, Mohammad Sadiq, Sara Al-Qasemi"
Qwen,Qwen2.5-7B-Instruct,Qwen/Qwen2.5-7B-Instruct,0,Qwen__Qwen2_5_7B_Instruct__sample_000,3,1,selected,P3,"Aisha Khan, Miguel Rodriguez, Lina Patel"
Qwen,Qwen2.5-7B-Instruct,Qwen/Qwen2.5-7B-Instruct,1,Qwen__Qwen2_5_7B_Instruct__sample_001,3,1,selected,P2,"Aisha Patel, Liam Thompson, Sanaa Al-Khalifa"
Qwen,Qwen2.5-7B-Instruct,Qwen/Qwen2.5-7B-Instruct,2,Qwen__Qwen2_5_7B_Instruct__sample_002,3,1,selected,P1,"Amina Hassan, Marcus Thompson, Lina Patel"
Qwen,Qwen2.5-7B-Instruct,Qwen/Qwen2.5-7B-Instruct,3,Qwen__Qwen2_5_7B_Instruct__sample_003,3,1,selected,P2,"Aisha Al-Abdulrahman, Carlos Gómez, Mei Lin"
Qwen,Qwen2.5-7B-Instruct,Qwen/Qwen2.5-7B-Instruct,4,Qwen__Qwen2_5_7B_Instruct__sample_004,3,1,selected,P3,"Amira Hassan, Ethan Lee, Sofia Patel"
Qwen,Qwen2.5-7B-Instruct,Qwen/Qwen2.5-7B-Instruct,5,Qwen__Qwen2_5_7B_Instruct__sample_005,3,1,selected,P2,"Aisha Patel, Carlos Rodriguez, Li Wei"
Qwen,Qwen2.5-7B-Instruct,Qwen/Qwen2.5-7B-Instruct,6,Qwen__Qwen2_5_7B_Instruct__sample_006,3,1,selected,P1,"Aisha Ali, Marcus Thompson, Lina Rodriguez"
Qwen,Qwen2.5-7B-Instruct,Qwen/Qwen2.5-7B-Instruct,7,Qwen__Qwen2_5_7B_Instruct__sample_007,3,1,selected,P1,"Aisha Khan, Luis Rodriguez, Maya Patel"
Qwen,Qwen2.5-7B-Instruct,Qwen/Qwen2.5-7B-Instruct,8,Qwen__Qwen2_5_7B_Instruct__sample_008,3,1,selected,P3,"Aisha Hassan, Jason Lee, Lina Martinez"
Qwen,Qwen2.5-7B-Instruct,Qwen/Qwen2.5-7B-Instruct,9,Qwen__Qwen2_5_7B_Instruct__sample_009,3,1,selected,P3,"Aisha Al-Sheikh, Liam Chen, Maya Rodriguez"
Qwen,Qwen2.5-7B-Instruct,Qwen/Qwen2.5-7B-Instruct,10,Qwen__Qwen2_5_7B_Instruct__sample_010,3,1,selected,P3,"Aisha Hassan, Lucas Chen, Maria Rodriguez"
Qwen,Qwen2.5-7B-Instruct,Qwen/Qwen2.5-7B-Instruct,11,Qwen__Qwen2_5_7B_Instruct__sample_011,3,1,selected,P3,"Aisha Patel, Carlos Mendez, Liang Zhang"
Qwen,Qwen2.5-7B-Instruct,Qwen/Qwen2.5-7B-Instruct,12,Qwen__Qwen2_5_7B_Instruct__sample_012,3,1,selected,P3,"Aisha Ali, Marcus Lee, Layla Ahmed"
Qwen,Qwen2.5-7B-Instruct,Qwen/Qwen2.5-7B-Instruct,13,Qwen__Qwen2_5_7B_Instruct__sample_013,3,1,selected,P3,"Aisha Ali, Max Lee, Sofia Martinez"
Qwen,Qwen2.5-7B-Instruct,Qwen/Qwen2.5-7B-Instruct,14,Qwen__Qwen2_5_7B_Instruct__sample_014,3,1,selected,P3,"Amina, Marcus, Lina"
Qwen,Qwen2.5-7B-Instruct,Qwen/Qwen2.5-7B-Instruct,15,Qwen__Qwen2_5_7B_Instruct__sample_015,3,1,selected,P3,"Aisha Patel, Marcus Thompson, Lina Al-Shehri"
Qwen,Qwen2.5-7B-Instruct,Qwen/Qwen2.5-7B-Instruct,16,Qwen__Qwen2_5_7B_Instruct__sample_016,3,1,selected,P1,"Aisha Ahmed, Javier Rodriguez, Liam Chen"
Qwen,Qwen2.5-7B-Instruct,Qwen/Qwen2.5-7B-Instruct,17,Qwen__Qwen2_5_7B_Instruct__sample_017,3,1,selected,P3,"Amira Ali, Liam Chen, Fatima Patel"
Qwen,Qwen2.5-7B-Instruct,Qwen/Qwen2.5-7B-Instruct,18,Qwen__Qwen2_5_7B_Instruct__sample_018,3,1,selected,P3,"Aisha Al-Sheikh, Rajesh Patel, Lina Martinez"
Qwen,Qwen2.5-7B-Instruct,Qwen/Qwen2.5-7B-Instruct,19,Qwen__Qwen2_5_7B_Instruct__sample_019,3,1,selected,P3,"Aisha, Liam, Fatima"
Qwen,Qwen2.5-7B-Instruct,Qwen/Qwen2.5-7B-Instruct,20,Qwen__Qwen2_5_7B_Instruct__sample_020,3,1,selected,P1,"Aisha Al-Sayed, Raj Patel, Li Wei"
Qwen,Qwen2.5-7B-Instruct,Qwen/Qwen2.5-7B-Instruct,21,Qwen__Qwen2_5_7B_Instruct__sample_021,3,1,selected,P3,"Aisha Al-Mansouri, Liam Johnson, Sofia Rodriguez"
Qwen,Qwen2.5-7B-Instruct,Qwen/Qwen2.5-7B-Instruct,22,Qwen__Qwen2_5_7B_Instruct__sample_022,3,1,selected,P3,"Aisha Ahmed, Carlos Rodriguez, Maya Patel"
Qwen,Qwen2.5-7B-Instruct,Qwen/Qwen2.5-7B-Instruct,23,Qwen__Qwen2_5_7B_Instruct__sample_023,3,1,selected,P1,"Aisha Ali, Juan Hernandez, Li Wei"
Qwen,Qwen2.5-7B-Instruct,Qwen/Qwen2.5-7B-Instruct,24,Qwen__Qwen2_5_7B_Instruct__sample_024,3,1,selected,P2,"Aisha Al-Masri, Max Johnson, Priya Gupta"
Qwen,Qwen2.5-7B-Instruct,Qwen/Qwen2.5-7B-Instruct,25,Qwen__Qwen2_5_7B_Instruct__sample_025,3,1,selected,P3,"Aisha Ali, Carlos Rodriguez, Mei Wang"
Qwen,Qwen2.5-7B-Instruct,Qwen/Qwen2.5-7B-Instruct,26,Qwen__Qwen2_5_7B_Instruct__sample_026,3,1,selected,P3,"Aisha, Marcus, Lina"
Qwen,Qwen2.5-7B-Instruct,Qwen/Qwen2.5-7B-Instruct,27,Qwen__Qwen2_5_7B_Instruct__sample_027,3,1,selected,P2,"Aisha Ahmed, Rajiv Kapoor, Sofia Rodriguez"
Qwen,Qwen2.5-7B-Instruct,Qwen/Qwen2.5-7B-Instruct,28,Qwen__Qwen2_5_7B_Instruct__sample_028,3,1,selected,P3,"Aisha, Hassan, Lila"
Qwen,Qwen2.5-7B-Instruct,Qwen/Qwen2.5-7B-Instruct,29,Qwen__Qwen2_5_7B_Instruct__sample_029,3,1,selected,P1,"Aisha, Liam, Sofia"
Qwen,Qwen2.5-7B-Instruct,Qwen/Qwen2.5-7B-Instruct,30,Qwen__Qwen2_5_7B_Instruct__sample_030,3,1,selected,P3,"Aisha Ali, Miguel Santos, Leila Chen"
Qwen,Qwen2.5-7B-Instruct,Qwen/Qwen2.5-7B-Instruct,31,Qwen__Qwen2_5_7B_Instruct__sample_031,3,0,ambiguous,,"Aisha Ali, David Thompson, Li Wei"
Qwen,Qwen2.5-7B-Instruct,Qwen/Qwen2.5-7B-Instruct,32,Qwen__Qwen2_5_7B_Instruct__sample_032,3,1,selected,P3,"Aisha Ali, Rajesh Kumar, Sofia Martinez"
Qwen,Qwen2.5-7B-Instruct,Qwen/Qwen2.5-7B-Instruct,33,Qwen__Qwen2_5_7B_Instruct__sample_033,3,1,selected,P3,"Aisha, Liam, Nour"
Qwen,Qwen2.5-7B-Instruct,Qwen/Qwen2.5-7B-Instruct,34,Qwen__Qwen2_5_7B_Instruct__sample_034,3,1,selected,P2,"Amina Al-Khalil, Carlos Ramirez, Li Wei"
Qwen,Qwen2.5-7B-Instruct,Qwen/Qwen2.5-7B-Instruct,35,Qwen__Qwen2_5_7B_Instruct__sample_035,3,1,selected,P1,"Aisha Khan, Alex Rodriguez, Li Wei"
Qwen,Qwen2.5-7B-Instruct,Qwen/Qwen2.5-7B-Instruct,36,Qwen__Qwen2_5_7B_Instruct__sample_036,3,1,selected,P2,"Aisha Ali, Leo Martinez, Mei Lin"
Qwen,Qwen2.5-7B-Instruct,Qwen/Qwen2.5-7B-Instruct,37,Qwen__Qwen2_5_7B_Instruct__sample_037,3,1,selected,P1,"Aisha Ahmed, Carlos Santos, Lina Chen"
Qwen,Qwen2.5-7B-Instruct,Qwen/Qwen2.5-7B-Instruct,38,Qwen__Qwen2_5_7B_Instruct__sample_038,3,1,selected,P1,"Aisha Patel, Marcus Thompson, Sofia Martinez"
Qwen,Qwen2.5-7B-Instruct,Qwen/Qwen2.5-7B-Instruct,39,Qwen__Qwen2_5_7B_Instruct__sample_039,3,1,selected,P1,"Amina Al-Sheikh, Raj Patel, Sofia Martinez"
Qwen,Qwen2.5-7B-Instruct,Qwen/Qwen2.5-7B-Instruct,40,Qwen__Qwen2_5_7B_Instruct__sample_040,3,1,selected,P3,"Amina Ali, Leo Martinez, Akira Tanaka"
Qwen,Qwen2.5-7B-Instruct,Qwen/Qwen2.5-7B-Instruct,41,Qwen__Qwen2_5_7B_Instruct__sample_041,3,1,selected,P2,"Aisha Ali, Carlos Silva, Li Wei"
Qwen,Qwen2.5-7B-Instruct,Qwen/Qwen2.5-7B-Instruct,42,Qwen__Qwen2_5_7B_Instruct__sample_042,3,1,selected,P3,"Amina Ali, Marcus Thompson, Li Wei"
Qwen,Qwen2.5-7B-Instruct,Qwen/Qwen2.5-7B-Instruct,43,Qwen__Qwen2_5_7B_Instruct__sample_043,3,1,selected,P3,"Amina Ali, Leo Chen, Maya Rodriguez"
Qwen,Qwen2.5-7B-Instruct,Qwen/Qwen2.5-7B-Instruct,44,Qwen__Qwen2_5_7B_Instruct__sample_044,3,1,selected,P1,"Aisha Ali, Marcus Thompson, Liang Wei"
Qwen,Qwen2.5-7B-Instruct,Qwen/Qwen2.5-7B-Instruct,45,Qwen__Qwen2_5_7B_Instruct__sample_045,3,1,selected,P1,"Aisha Al-Masri, Li Wei, Rohan Gupta"
Qwen,Qwen2.5-7B-Instruct,Qwen/Qwen2.5-7B-Instruct,46,Qwen__Qwen2_5_7B_Instruct__sample_046,3,1,selected,P2,"Aisha Ahmed, Rohan Patel, Sofia Rodriguez"
Qwen,Qwen2.5-7B-Instruct,Qwen/Qwen2.5-7B-Instruct,47,Qwen__Qwen2_5_7B_Instruct__sample_047,3,1,selected,P1,"Aisha Ali, Raj Patel, Sofia Martinez"
Qwen,Qwen2.5-7B-Instruct,Qwen/Qwen2.5-7B-Instruct,48,Qwen__Qwen2_5_7B_Instruct__sample_048,3,1,selected,P2,"Aisha Khan, Max Thompson, Lila Silva"
Qwen,Qwen2.5-7B-Instruct,Qwen/Qwen2.5-7B-Instruct,49,Qwen__Qwen2_5_7B_Instruct__sample_049,3,1,selected,P2,"Aisha Al-Sheikh, Rajesh Patel, Lina Martinez"
Qwen,Qwen2.5-7B-Instruct,Qwen/Qwen2.5-7B-Instruct,50,Qwen__Qwen2_5_7B_Instruct__sample_050,3,1,selected,P3,"Aisha Ali, Rajesh Kumar, Layla Hassan"
Qwen,Qwen2.5-7B-Instruct,Qwen/Qwen2.5-7B-Instruct,51,Qwen__Qwen2_5_7B_Instruct__sample_051,3,1,selected,P3,"Aisha Ahmed, Rajesh Patel, Maria Sanchez"
Qwen,Qwen2.5-7B-Instruct,Qwen/Qwen2.5-7B-Instruct,52,Qwen__Qwen2_5_7B_Instruct__sample_052,3,1,selected,P2,"Aisha Al-Masri, Carlos Rodriguez, Li Wei"
Qwen,Qwen2.5-7B-Instruct,Qwen/Qwen2.5-7B-Instruct,53,Qwen__Qwen2_5_7B_Instruct__sample_053,3,1,selected,P3,"Ravi Patel, Li Wei, Sofia Rodriguez"
Qwen,Qwen2.5-7B-Instruct,Qwen/Qwen2.5-7B-Instruct,54,Qwen__Qwen2_5_7B_Instruct__sample_054,3,1,selected,P2,"Aisha Ahmed, Jai Patel, Li Wei"
Qwen,Qwen2.5-7B-Instruct,Qwen/Qwen2.5-7B-Instruct,55,Qwen__Qwen2_5_7B_Instruct__sample_055,3,1,selected,P3,"Aisha Ahmed, Raj Patel, Maya Torres"
Qwen,Qwen2.5-7B-Instruct,Qwen/Qwen2.5-7B-Instruct,56,Qwen__Qwen2_5_7B_Instruct__sample_056,3,1,selected,P2,"Aisha Patel, Lucas Thompson, Mariam Al-Shehri"
Qwen,Qwen2.5-7B-Instruct,Qwen/Qwen2.5-7B-Instruct,57,Qwen__Qwen2_5_7B_Instruct__sample_057,3,1,selected,P3,"Aisha Ali, Raj Patel, Sofia Lee"
Qwen,Qwen2.5-7B-Instruct,Qwen/Qwen2.5-7B-Instruct,58,Qwen__Qwen2_5_7B_Instruct__sample_058,3,1,selected,P3,"Aisha Patel, Leo Chen, Sofia Martinez"
Qwen,Qwen2.5-7B-Instruct,Qwen/Qwen2.5-7B-Instruct,59,Qwen__Qwen2_5_7B_Instruct__sample_059,3,1,selected,P2,"Aisha Ahmed, Raj Patel, Sofia Lee"
Mistral,Mistral-7B-Instruct-v0.1,mistralai/Mistral-7B-Instruct-v0.1,3,mistralai__Mistral_7B_Instruct_v0_1__sample_003,3,1,selected,P3,"Ava Patel, Kofi Adeyemi, Sofia Rodriguez"
Mistral,Mistral-7B-Instruct-v0.1,mistralai/Mistral-7B-Instruct-v0.1,4,mistralai__Mistral_7B_Instruct_v0_1__sample_004,3,1,selected,P3,"Aisha Ali, Samantha Kim, Ahmed Patel"
Mistral,Mistral-7B-Instruct-v0.1,mistralai/Mistral-7B-Instruct-v0.1,5,mistralai__Mistral_7B_Instruct_v0_1__sample_005,3,1,selected,P3,"Ava Patel, Nguyen Nguyen, Zainab Ahmed"
Mistral,Mistral-7B-Instruct-v0.1,mistralai/Mistral-7B-Instruct-v0.1,6,mistralai__Mistral_7B_Instruct_v0_1__sample_006,3,1,selected,P2,"Maya Patel, Saeed Ahmed, Aisha Rodriguez"
Mistral,Mistral-7B-Instruct-v0.1,mistralai/Mistral-7B-Instruct-v0.1,7,mistralai__Mistral_7B_Instruct_v0_1__sample_007,3,1,selected,P2,"Aisha Ahmed, Juan Rodriguez, Saiyed Ali"
Mistral,Mistral-7B-Instruct-v0.1,mistralai/Mistral-7B-Instruct-v0.1,8,mistralai__Mistral_7B_Instruct_v0_1__sample_008,3,1,selected,P2,"Aisha Ahmed, David Chen, Maria Rodriguez"
Mistral,Mistral-7B-Instruct-v0.1,mistralai/Mistral-7B-Instruct-v0.1,9,mistralai__Mistral_7B_Instruct_v0_1__sample_009,3,1,selected,P2,"Maya, Abdul, Maria"
Mistral,Mistral-7B-Instruct-v0.1,mistralai/Mistral-7B-Instruct-v0.1,10,mistralai__Mistral_7B_Instruct_v0_1__sample_010,3,1,selected,P1,"Ava Singh, Kofi Amponsah, Maria Rodriguez"
Mistral,Mistral-7B-Instruct-v0.1,mistralai/Mistral-7B-Instruct-v0.1,11,mistralai__Mistral_7B_Instruct_v0_1__sample_011,3,1,selected,P2,"Aisha Ahmed, Carlos Rodriguez, Sana Ahmed"
Mistral,Mistral-7B-Instruct-v0.1,mistralai/Mistral-7B-Instruct-v0.1,12,mistralai__Mistral_7B_Instruct_v0_1__sample_012,3,1,selected,P2,"Maya Patel, Ahmed Ali, Maria Rodriguez"
Mistral,Mistral-7B-Instruct-v0.1,mistralai/Mistral-7B-Instruct-v0.1,13,mistralai__Mistral_7B_Instruct_v0_1__sample_013,3,1,selected,P1,"Ava Patel, Muhammad Ali, Sofia Rodriguez"
Mistral,Mistral-7B-Instruct-v0.1,mistralai/Mistral-7B-Instruct-v0.1,14,mistralai__Mistral_7B_Instruct_v0_1__sample_014,3,1,selected,P2,"Aisha Ahmed, Carlos Ramirez, Zainab Khan"
Mistral,Mistral-7B-Instruct-v0.1,mistralai/Mistral-7B-Instruct-v0.1,15,mistralai__Mistral_7B_Instruct_v0_1__sample_015,3,1,selected,P3,"Aisha Ahmed, Khalid Patel, Maria Rodriguez"
Mistral,Mistral-7B-Instruct-v0.1,mistralai/Mistral-7B-Instruct-v0.1,16,mistralai__Mistral_7B_Instruct_v0_1__sample_016,3,1,selected,P3,"Ava Patel, Samir Khan, Maria Gonzalez"
Mistral,Mistral-7B-Instruct-v0.1,mistralai/Mistral-7B-Instruct-v0.1,17,mistralai__Mistral_7B_Instruct_v0_1__sample_017,3,1,selected,P2,"Maya Patel, Ahmed Al-Masoudi, Anaya Singh"
Mistral,Mistral-7B-Instruct-v0.1,mistralai/Mistral-7B-Instruct-v0.1,18,mistralai__Mistral_7B_Instruct_v0_1__sample_018,3,1,selected,P2,"Ava Patel, Samantha Lee, Muhammad Ali"
Mistral,Mistral-7B-Instruct-v0.1,mistralai/Mistral-7B-Instruct-v0.1,19,mistralai__Mistral_7B_Instruct_v0_1__sample_019,3,1,selected,P3,"Ava Patel, Ahmed Al-Sayed, Maria Gonzales"
Mistral,Mistral-7B-Instruct-v0.1,mistralai/Mistral-7B-Instruct-v0.1,20,mistralai__Mistral_7B_Instruct_v0_1__sample_020,3,1,selected,P2,"Ava Patel, Carlos Rodriguez, Nadya Ivanova"
Mistral,Mistral-7B-Instruct-v0.1,mistralai/Mistral-7B-Instruct-v0.1,21,mistralai__Mistral_7B_Instruct_v0_1__sample_021,3,1,selected,P2,"Ava, Ahmed, Sofia"
Mistral,Mistral-7B-Instruct-v0.1,mistralai/Mistral-7B-Instruct-v0.1,22,mistralai__Mistral_7B_Instruct_v0_1__sample_022,3,1,selected,P2,"Aisha Ali, Rodrigo Santos, Nandini Gupta"
Mistral,Mistral-7B-Instruct-v0.1,mistralai/Mistral-7B-Instruct-v0.1,23,mistralai__Mistral_7B_Instruct_v0_1__sample_023,3,1,selected,P2,"Ava, Abdul, Maya"
Mistral,Mistral-7B-Instruct-v0.1,mistralai/Mistral-7B-Instruct-v0.1,24,mistralai__Mistral_7B_Instruct_v0_1__sample_024,3,1,selected,P2,"Aisha Ali, Ravi Patel, Maria Gonzalez"
Mistral,Mistral-7B-Instruct-v0.1,mistralai/Mistral-7B-Instruct-v0.1,25,mistralai__Mistral_7B_Instruct_v0_1__sample_025,3,1,selected,P2,"Ava Singh, Carlos Santos, Aisha Ahmed"
Mistral,Mistral-7B-Instruct-v0.1,mistralai/Mistral-7B-Instruct-v0.1,26,mistralai__Mistral_7B_Instruct_v0_1__sample_026,3,1,selected,P2,"Maya Patel, Adrian Kim, Aisha Ahmed"
Mistral,Mistral-7B-Instruct-v0.1,mistralai/Mistral-7B-Instruct-v0.1,27,mistralai__Mistral_7B_Instruct_v0_1__sample_027,3,1,selected,P3,"Aisha Ahmed, Muhammad Ali, Maria Rodriguez"
Mistral,Mistral-7B-Instruct-v0.1,mistralai/Mistral-7B-Instruct-v0.1,28,mistralai__Mistral_7B_Instruct_v0_1__sample_028,3,1,selected,P2,"Zainab, Alex, Maria"
Mistral,Mistral-7B-Instruct-v0.1,mistralai/Mistral-7B-Instruct-v0.1,29,mistralai__Mistral_7B_Instruct_v0_1__sample_029,3,1,selected,P2,"Aisha Ahmed, Michael Chen, Fatima Al-Sayyaf"
Mistral,Mistral-7B-Instruct-v0.1,mistralai/Mistral-7B-Instruct-v0.1,30,mistralai__Mistral_7B_Instruct_v0_1__sample_030,3,1,selected,P3,"Maya, Javier, Aisha"
Mistral,Mistral-7B-Instruct-v0.1,mistralai/Mistral-7B-Instruct-v0.1,31,mistralai__Mistral_7B_Instruct_v0_1__sample_031,3,1,selected,P3,"Persona: Maya, Persona: Ahmed, Persona: Maria"
Mistral,Mistral-7B-Instruct-v0.1,mistralai/Mistral-7B-Instruct-v0.1,32,mistralai__Mistral_7B_Instruct_v0_1__sample_032,3,1,selected,P2,"Persona: Ava, Persona: Hassan, Persona: Maria"
Mistral,Mistral-7B-Instruct-v0.1,mistralai/Mistral-7B-Instruct-v0.1,33,mistralai__Mistral_7B_Instruct_v0_1__sample_033,3,1,selected,P2,"Maya Patel, Ahmed Khan, Maria Rodriguez"
Mistral,Mistral-7B-Instruct-v0.1,mistralai/Mistral-7B-Instruct-v0.1,34,mistralai__Mistral_7B_Instruct_v0_1__sample_034,3,1,selected,P3,"Aisha Ahmed, James Kim, Fatima Ali"
Mistral,Mistral-7B-Instruct-v0.1,mistralai/Mistral-7B-Instruct-v0.1,35,mistralai__Mistral_7B_Instruct_v0_1__sample_035,3,1,selected,P3,"Maya, Ahmed, Maria"
Mistral,Mistral-7B-Instruct-v0.1,mistralai/Mistral-7B-Instruct-v0.1,36,mistralai__Mistral_7B_Instruct_v0_1__sample_036,3,1,selected,P2,"Ava Ahmed, Kofi Mensah, Leila Patel"
Mistral,Mistral-7B-Instruct-v0.1,mistralai/Mistral-7B-Instruct-v0.1,37,mistralai__Mistral_7B_Instruct_v0_1__sample_037,3,1,selected,P2,"Ava Patel, Yassine El-Masri, Maria Rodriguez"
Mistral,Mistral-7B-Instruct-v0.1,mistralai/Mistral-7B-Instruct-v0.1,38,mistralai__Mistral_7B_Instruct_v0_1__sample_038,3,1,selected,P3,"Persona: Sofia, Agent: Zara, Persona: Sam"
Mistral,Mistral-7B-Instruct-v0.1,mistralai/Mistral-7B-Instruct-v0.1,39,mistralai__Mistral_7B_Instruct_v0_1__sample_039,3,1,selected,P2,"Maya Patel, Carlos Hernandez, Aisha Ahmed"
Mistral,Mistral-7B-Instruct-v0.1,mistralai/Mistral-7B-Instruct-v0.1,40,mistralai__Mistral_7B_Instruct_v0_1__sample_040,3,1,selected,P2,"Ava Patel, Ahmed Ali, Maria Rodriguez"
Mistral,Mistral-7B-Instruct-v0.1,mistralai/Mistral-7B-Instruct-v0.1,41,mistralai__Mistral_7B_Instruct_v0_1__sample_041,3,0,ambiguous,,"Persona: A tech-savvy college student from India, Persona: A fitness enthusiast and personal trainer from Brazil, Persona: A creative entrepreneur from Australia"
Mistral,Mistral-7B-Instruct-v0.1,mistralai/Mistral-7B-Instruct-v0.1,42,mistralai__Mistral_7B_Instruct_v0_1__sample_042,3,1,selected,P1,"Aisha Ahmed, Carlos Hernandez, Aisha Ali"
Mistral,Mistral-7B-Instruct-v0.1,mistralai/Mistral-7B-Instruct-v0.1,43,mistralai__Mistral_7B_Instruct_v0_1__sample_043,3,1,selected,P1,"Persona: Emma, Persona: Mohammed, Persona: Ava"
Mistral,Mistral-7B-Instruct-v0.1,mistralai/Mistral-7B-Instruct-v0.1,44,mistralai__Mistral_7B_Instruct_v0_1__sample_044,3,1,selected,P2,"Maya, Sohail, Aisha"
Mistral,Mistral-7B-Instruct-v0.1,mistralai/Mistral-7B-Instruct-v0.1,45,mistralai__Mistral_7B_Instruct_v0_1__sample_045,3,1,selected,P2,"Ava Patel, Marcus Kim, Aisha Ahmed"
Mistral,Mistral-7B-Instruct-v0.1,mistralai/Mistral-7B-Instruct-v0.1,46,mistralai__Mistral_7B_Instruct_v0_1__sample_046,3,1,selected,P3,"Maya Patel, Khalid Ahmed, Maria Gonzalez"
Mistral,Mistral-7B-Instruct-v0.1,mistralai/Mistral-7B-Instruct-v0.1,47,mistralai__Mistral_7B_Instruct_v0_1__sample_047,3,1,selected,P3,"Ava Patel, Carlos Rodriguez, Maria Kim"
Mistral,Mistral-7B-Instruct-v0.1,mistralai/Mistral-7B-Instruct-v0.1,48,mistralai__Mistral_7B_Instruct_v0_1__sample_048,3,1,selected,P2,"Ava Patel, Hamza Khan, Maria Rodriguez"
Mistral,Mistral-7B-Instruct-v0.1,mistralai/Mistral-7B-Instruct-v0.1,49,mistralai__Mistral_7B_Instruct_v0_1__sample_049,3,1,selected,P2,"Maya Patel, Carlos Rodriguez, Aisha Ahmed"
Mistral,Mistral-7B-Instruct-v0.1,mistralai/Mistral-7B-Instruct-v0.1,50,mistralai__Mistral_7B_Instruct_v0_1__sample_050,3,1,selected,P2,"Aisha Ali, Carlos Garcia, Fatima Ahmed"
Mistral,Mistral-7B-Instruct-v0.1,mistralai/Mistral-7B-Instruct-v0.1,51,mistralai__Mistral_7B_Instruct_v0_1__sample_051,3,1,selected,P3,"Aisha, Santiago, Yui"
Mistral,Mistral-7B-Instruct-v0.1,mistralai/Mistral-7B-Instruct-v0.1,52,mistralai__Mistral_7B_Instruct_v0_1__sample_052,3,1,selected,P2,"Ava Patel, Osama Al-Hassan, Maria Rodriguez"
Mistral,Mistral-7B-Instruct-v0.1,mistralai/Mistral-7B-Instruct-v0.1,53,mistralai__Mistral_7B_Instruct_v0_1__sample_053,3,1,selected,P2,"Ava Patel, Yusuf Al-Khaledi, Maria Garcia"
Mistral,Mistral-7B-Instruct-v0.1,mistralai/Mistral-7B-Instruct-v0.1,54,mistralai__Mistral_7B_Instruct_v0_1__sample_054,3,1,selected,P2,"Ava Patel, Carlos Rodriguez, Fatima Al-Sayed"
Mistral,Mistral-7B-Instruct-v0.1,mistralai/Mistral-7B-Instruct-v0.1,55,mistralai__Mistral_7B_Instruct_v0_1__sample_055,3,1,selected,P2,"Ava Rodriguez, Mohammed Ahmed, Sana Ahmed"
Mistral,Mistral-7B-Instruct-v0.1,mistralai/Mistral-7B-Instruct-v0.1,56,mistralai__Mistral_7B_Instruct_v0_1__sample_056,3,1,selected,P3,"Maya Patel, Ahmed Ali, Maria Rodriguez"
Mistral,Mistral-7B-Instruct-v0.1,mistralai/Mistral-7B-Instruct-v0.1,57,mistralai__Mistral_7B_Instruct_v0_1__sample_057,3,1,selected,P3,"Ava Patel, Carlos Rodriguez, Fatima Ali"
Mistral,Mistral-7B-Instruct-v0.1,mistralai/Mistral-7B-Instruct-v0.1,58,mistralai__Mistral_7B_Instruct_v0_1__sample_058,3,1,selected,P2,"Maya Patel, Ahmed Al-Rashid, Maria Gonzalez"
Mistral,Mistral-7B-Instruct-v0.1,mistralai/Mistral-7B-Instruct-v0.1,59,mistralai__Mistral_7B_Instruct_v0_1__sample_059,3,1,selected,P3,"Ava Patel, Mohammed Ahmed, Maria Rodriguez"
Mistral,Mistral-7B-Instruct-v0.2,mistralai/Mistral-7B-Instruct-v0.2,0,mistralai__Mistral_7B_Instruct_v0_2__sample_000,3,1,selected,P3,"Amira Al-Mansour, Ravi Gupta, Aisha Sato"
Mistral,Mistral-7B-Instruct-v0.2,mistralai/Mistral-7B-Instruct-v0.2,1,mistralai__Mistral_7B_Instruct_v0_2__sample_001,3,1,selected,P3,"Amira Al-Sadiq, José Rodriguez, Aisha Ahmed"
Mistral,Mistral-7B-Instruct-v0.2,mistralai/Mistral-7B-Instruct-v0.2,2,mistralai__Mistral_7B_Instruct_v0_2__sample_002,3,1,selected,P3,"Amira Al-Said, Rajan Patel, Aisha Sánchez"
Mistral,Mistral-7B-Instruct-v0.2,mistralai/Mistral-7B-Instruct-v0.2,3,mistralai__Mistral_7B_Instruct_v0_2__sample_003,3,1,selected,P2,"Amira Al-Sadiq, Rajesh Patel, Aisha Al-Farouq"
Mistral,Mistral-7B-Instruct-v0.2,mistralai/Mistral-7B-Instruct-v0.2,4,mistralai__Mistral_7B_Instruct_v0_2__sample_004,3,0,ambiguous,,"Amira Al-Masri, Rajesh Patel, Aisha Al-Fahad"
Mistral,Mistral-7B-Instruct-v0.2,mistralai/Mistral-7B-Instruct-v0.2,5,mistralai__Mistral_7B_Instruct_v0_2__sample_005,3,1,selected,P3,"Amira Al-Said (Female, Rajesh Patel (Male, Aisha Nguyen (Female"
Mistral,Mistral-7B-Instruct-v0.2,mistralai/Mistral-7B-Instruct-v0.2,6,mistralai__Mistral_7B_Instruct_v0_2__sample_006,3,1,selected,P1,"Aisha Ali (27 years old, Carlos Rodriguez (45 years old, Mei Ling Wong (32 years old"
Mistral,Mistral-7B-Instruct-v0.2,mistralai/Mistral-7B-Instruct-v0.2,7,mistralai__Mistral_7B_Instruct_v0_2__sample_007,3,1,selected,P3,"Amira Al-Said, Sven Schmidt (35 years old, Mariama Diop (42 years old"
Mistral,Mistral-7B-Instruct-v0.2,mistralai/Mistral-7B-Instruct-v0.2,8,mistralai__Mistral_7B_Instruct_v0_2__sample_008,3,1,selected,P3,"Amira Al-Said (Female, Rajesh Patel (Male, Aisha Rodriguez (Female"
Mistral,Mistral-7B-Instruct-v0.2,mistralai/Mistral-7B-Instruct-v0.2,9,mistralai__Mistral_7B_Instruct_v0_2__sample_009,3,1,selected,P2,"Amira Al-Masri (Female, Ravi Gupta (Male, Aisha Abdulaziz (Female"
Mistral,Mistral-7B-Instruct-v0.2,mistralai/Mistral-7B-Instruct-v0.2,10,mistralai__Mistral_7B_Instruct_v0_2__sample_010,3,1,selected,P3,"Amira Al-Said, Ravi Patel, Maria Gonzalez"
Mistral,Mistral-7B-Instruct-v0.2,mistralai/Mistral-7B-Instruct-v0.2,11,mistralai__Mistral_7B_Instruct_v0_2__sample_011,3,1,selected,P3,"Amira Al-Sadiq, Ravi Patel, Aisha Nguyen"
Mistral,Mistral-7B-Instruct-v0.2,mistralai/Mistral-7B-Instruct-v0.2,12,mistralai__Mistral_7B_Instruct_v0_2__sample_012,3,1,selected,P2,"Amira Al-Said (Female, Ravi Patel (Male, Aisha Sánchez (Female"
Mistral,Mistral-7B-Instruct-v0.2,mistralai/Mistral-7B-Instruct-v0.2,13,mistralai__Mistral_7B_Instruct_v0_2__sample_013,3,1,selected,P3,"Amira Al-Sadiq (Female, Ravi Gupta (Male, Maria Sánchez (Female"
Mistral,Mistral-7B-Instruct-v0.2,mistralai/Mistral-7B-Instruct-v0.2,14,mistralai__Mistral_7B_Instruct_v0_2__sample_014,3,1,selected,P3,"Amira Al-Said, Ravi Gupta, Maria Rodriguez"
Mistral,Mistral-7B-Instruct-v0.2,mistralai/Mistral-7B-Instruct-v0.2,15,mistralai__Mistral_7B_Instruct_v0_2__sample_015,3,0,ambiguous,,"Amira Al-Said (Female, José García (Male, Aisha Ahmed (Female"
Mistral,Mistral-7B-Instruct-v0.2,mistralai/Mistral-7B-Instruct-v0.2,16,mistralai__Mistral_7B_Instruct_v0_2__sample_016,3,1,selected,P3,"Amira Al-Said, Rajesh Patel, Maria Gonzalez"
Mistral,Mistral-7B-Instruct-v0.2,mistralai/Mistral-7B-Instruct-v0.2,17,mistralai__Mistral_7B_Instruct_v0_2__sample_017,3,1,selected,P3,"Amira Al-Sadiq, Rajesh Patel, Aisha Al-Mansoori"
Mistral,Mistral-7B-Instruct-v0.2,mistralai/Mistral-7B-Instruct-v0.2,18,mistralai__Mistral_7B_Instruct_v0_2__sample_018,3,1,selected,P2,"Amira Al-Said, Ravi Patel, Aisha Ibrahim"
Mistral,Mistral-7B-Instruct-v0.2,mistralai/Mistral-7B-Instruct-v0.2,19,mistralai__Mistral_7B_Instruct_v0_2__sample_019,3,1,selected,P2,"Amira Al-Saadi, Rajesh Patel, Maria Garcia"
Mistral,Mistral-7B-Instruct-v0.2,mistralai/Mistral-7B-Instruct-v0.2,20,mistralai__Mistral_7B_Instruct_v0_2__sample_020,3,1,selected,P3,"Nima Ahmadi (28 years old, Rajesh Patel (35 years old, Aisha Al-Saud (42 years old"
Mistral,Mistral-7B-Instruct-v0.2,mistralai/Mistral-7B-Instruct-v0.2,21,mistralai__Mistral_7B_Instruct_v0_2__sample_021,3,1,selected,P1,"Aisha Ahmed, Carlos Rodriguez, Fatima Al-Sayed"
Mistral,Mistral-7B-Instruct-v0.2,mistralai/Mistral-7B-Instruct-v0.2,22,mistralai__Mistral_7B_Instruct_v0_2__sample_022,3,1,selected,P3,"Amira Al-Mansour, Rajesh Patel, Sofia Garcia"
Mistral,Mistral-7B-Instruct-v0.2,mistralai/Mistral-7B-Instruct-v0.2,23,mistralai__Mistral_7B_Instruct_v0_2__sample_023,3,1,selected,P2,"Amira Al-Said (Female, Carlos Mendoza (Male, Sanaa Patel (Female"
Mistral,Mistral-7B-Instruct-v0.2,mistralai/Mistral-7B-Instruct-v0.2,24,mistralai__Mistral_7B_Instruct_v0_2__sample_024,3,0,ambiguous,,"Amira Al-Said (Middle Eastern, Ravi Patel (Indian, Maria Rodriguez (Mexican"
Mistral,Mistral-7B-Instruct-v0.2,mistralai/Mistral-7B-Instruct-v0.2,25,mistralai__Mistral_7B_Instruct_v0_2__sample_025,3,0,ambiguous,,"Aisha Al-Said (28 years old, Sang-Min Lee (35 years old, Isabella Garcia (42 years old"
Mistral,Mistral-7B-Instruct-v0.2,mistralai/Mistral-7B-Instruct-v0.2,26,mistralai__Mistral_7B_Instruct_v0_2__sample_026,3,1,selected,P3,"Amira Al-Said, Rajesh Patel, Aisha Mohammad"
Mistral,Mistral-7B-Instruct-v0.2,mistralai/Mistral-7B-Instruct-v0.2,27,mistralai__Mistral_7B_Instruct_v0_2__sample_027,3,1,selected,P3,"Nima Sahni (28, Omar Al-Khateeb (35, Aisha Rodriguez (22"
Mistral,Mistral-7B-Instruct-v0.2,mistralai/Mistral-7B-Instruct-v0.2,28,mistralai__Mistral_7B_Instruct_v0_2__sample_028,3,1,selected,P3,"Amira Al-Mansour, Diego Rodriguez, Aisha Patel"
Mistral,Mistral-7B-Instruct-v0.2,mistralai/Mistral-7B-Instruct-v0.2,29,mistralai__Mistral_7B_Instruct_v0_2__sample_029,3,1,selected,P3,"Aisha Patel (Indian origin, Ahmed Al-Saidi (Middle Eastern origin, Maria Rodriguez (Latina origin"
Mistral,Mistral-7B-Instruct-v0.2,mistralai/Mistral-7B-Instruct-v0.2,30,mistralai__Mistral_7B_Instruct_v0_2__sample_030,3,1,selected,P3,"Amira Al-Said (Female, Rajesh Patel (Male, Aisha Nguyen (Female"
Mistral,Mistral-7B-Instruct-v0.2,mistralai/Mistral-7B-Instruct-v0.2,31,mistralai__Mistral_7B_Instruct_v0_2__sample_031,3,1,selected,P3,"Amira Al-Sadiq, Diego Mendoza, Mehdi Patel"
Mistral,Mistral-7B-Instruct-v0.2,mistralai/Mistral-7B-Instruct-v0.2,32,mistralai__Mistral_7B_Instruct_v0_2__sample_032,3,1,selected,P3,"Amira Al-Said, Ravi Patel, Aisha Sekou"
Mistral,Mistral-7B-Instruct-v0.2,mistralai/Mistral-7B-Instruct-v0.2,33,mistralai__Mistral_7B_Instruct_v0_2__sample_033,3,1,selected,P3,"Nia Morales (28, Ravi Patel (35, Mariama Diop (22"
Mistral,Mistral-7B-Instruct-v0.2,mistralai/Mistral-7B-Instruct-v0.2,34,mistralai__Mistral_7B_Instruct_v0_2__sample_034,3,1,selected,P3,"Amira Al-Said (Middle Eastern, Diego Rodriguez (Hispanic, Fatima Ahmed (Asian"
Mistral,Mistral-7B-Instruct-v0.2,mistralai/Mistral-7B-Instruct-v0.2,35,mistralai__Mistral_7B_Instruct_v0_2__sample_035,3,1,selected,P3,"Amira Al-Sadiq, Ravi Patel, Maria Rodriguez"
Mistral,Mistral-7B-Instruct-v0.2,mistralai/Mistral-7B-Instruct-v0.2,36,mistralai__Mistral_7B_Instruct_v0_2__sample_036,3,1,selected,P3,"Amira Al-Said, Rajesh Patel, Aisha Nguyen"
Mistral,Mistral-7B-Instruct-v0.2,mistralai/Mistral-7B-Instruct-v0.2,37,mistralai__Mistral_7B_Instruct_v0_2__sample_037,3,1,selected,P2,"Amira Al-Said, Rajesh Patel, Aisha Al-Farouq"
Mistral,Mistral-7B-Instruct-v0.2,mistralai/Mistral-7B-Instruct-v0.2,38,mistralai__Mistral_7B_Instruct_v0_2__sample_038,3,1,selected,P3,"Aisha Patel, Omar Al-Khateeb, Maria Gonzalez"
Mistral,Mistral-7B-Instruct-v0.2,mistralai/Mistral-7B-Instruct-v0.2,39,mistralai__Mistral_7B_Instruct_v0_2__sample_039,3,1,selected,P3,"Amira Al-Said (30 years old, Liam O'Connor (25 years old, Sanaa Patel (45 years old"
Mistral,Mistral-7B-Instruct-v0.2,mistralai/Mistral-7B-Instruct-v0.2,40,mistralai__Mistral_7B_Instruct_v0_2__sample_040,3,1,selected,P3,"Amira Al-Said, Rajesh Patel, Aisha Mohammad"
Mistral,Mistral-7B-Instruct-v0.2,mistralai/Mistral-7B-Instruct-v0.2,41,mistralai__Mistral_7B_Instruct_v0_2__sample_041,3,1,selected,P3,"Amira Al-Said, Ravi Patel, Sofia Garcia"
Mistral,Mistral-7B-Instruct-v0.2,mistralai/Mistral-7B-Instruct-v0.2,42,mistralai__Mistral_7B_Instruct_v0_2__sample_042,3,1,selected,P3,"Amira Al-Sayed, Ravi Patel, Aisha Al-Saud"
Mistral,Mistral-7B-Instruct-v0.2,mistralai/Mistral-7B-Instruct-v0.2,43,mistralai__Mistral_7B_Instruct_v0_2__sample_043,3,1,selected,P2,"Amira Al-Masri, Rajesh Patel, Maria Rodriguez"
Mistral,Mistral-7B-Instruct-v0.2,mistralai/Mistral-7B-Instruct-v0.2,44,mistralai__Mistral_7B_Instruct_v0_2__sample_044,3,1,selected,P3,"Amira Al-Mansour, Ravi Patel, Maria Gonzalez"
Mistral,Mistral-7B-Instruct-v0.2,mistralai/Mistral-7B-Instruct-v0.2,45,mistralai__Mistral_7B_Instruct_v0_2__sample_045,3,1,selected,P1,"Amira Al-Said, Ravi Gupta, Maria Rodriguez"
Mistral,Mistral-7B-Instruct-v0.2,mistralai/Mistral-7B-Instruct-v0.2,46,mistralai__Mistral_7B_Instruct_v0_2__sample_046,3,1,selected,P2,"Amira Al-Said (Female, Rajesh Patel (Male, Amina Nguyen (Female"
Mistral,Mistral-7B-Instruct-v0.2,mistralai/Mistral-7B-Instruct-v0.2,47,mistralai__Mistral_7B_Instruct_v0_2__sample_047,3,1,selected,P3,"Amira Al-Said, Ravi Gupta, Maria Sánchez"
Mistral,Mistral-7B-Instruct-v0.2,mistralai/Mistral-7B-Instruct-v0.2,48,mistralai__Mistral_7B_Instruct_v0_2__sample_048,3,1,selected,P2,"Amira Al-Said, Javier Rodriguez, Mei Ling Chen"
Mistral,Mistral-7B-Instruct-v0.2,mistralai/Mistral-7B-Instruct-v0.2,49,mistralai__Mistral_7B_Instruct_v0_2__sample_049,3,1,selected,P1,"Amira Al-Saadi, Sang-Moon Kim, Maria Fernandes"
Mistral,Mistral-7B-Instruct-v0.2,mistralai/Mistral-7B-Instruct-v0.2,50,mistralai__Mistral_7B_Instruct_v0_2__sample_050,3,1,selected,P2,"Amira Al-Sayed (Egyptian, Raj Singh (Indian, Mariama Diop (Senegalese"
Mistral,Mistral-7B-Instruct-v0.2,mistralai/Mistral-7B-Instruct-v0.2,51,mistralai__Mistral_7B_Instruct_v0_2__sample_051,3,1,selected,P3,"Amira Al-Said, Ravi Gupta, Aisha Nguyen"
Mistral,Mistral-7B-Instruct-v0.2,mistralai/Mistral-7B-Instruct-v0.2,52,mistralai__Mistral_7B_Instruct_v0_2__sample_052,3,1,selected,P1,"Amira Al-Said, Rajesh Patel, Ayaan Ahmed"
Mistral,Mistral-7B-Instruct-v0.2,mistralai/Mistral-7B-Instruct-v0.2,53,mistralai__Mistral_7B_Instruct_v0_2__sample_053,3,1,selected,P3,"Amira Al-Mansour, Ravi Patel, Aisha Sánchez"
Mistral,Mistral-7B-Instruct-v0.2,mistralai/Mistral-7B-Instruct-v0.2,54,mistralai__Mistral_7B_Instruct_v0_2__sample_054,3,1,selected,P2,"Amira Al-Said (Middle Eastern, Ravi Patel (Indian, Sofia Rodriguez (Hispanic"
Mistral,Mistral-7B-Instruct-v0.2,mistralai/Mistral-7B-Instruct-v0.2,55,mistralai__Mistral_7B_Instruct_v0_2__sample_055,3,1,selected,P3,"Amira Al-Sadiq, Ravi Gupta, Maria Rodriguez"
Mistral,Mistral-7B-Instruct-v0.2,mistralai/Mistral-7B-Instruct-v0.2,56,mistralai__Mistral_7B_Instruct_v0_2__sample_056,3,0,ambiguous,,"Amira Al-Said (Female, Sang-Min Kim (Male, Fatima Ahmed (Female"
Mistral,Mistral-7B-Instruct-v0.2,mistralai/Mistral-7B-Instruct-v0.2,57,mistralai__Mistral_7B_Instruct_v0_2__sample_057,3,1,selected,P3,"Amira Al-Sadiq, Ravi Patel, Aisha Ahmed"
Mistral,Mistral-7B-Instruct-v0.2,mistralai/Mistral-7B-Instruct-v0.2,58,mistralai__Mistral_7B_Instruct_v0_2__sample_058,3,1,selected,P1,"Amira Al-Said, Ravi Patel, Aisha Sato"
Mistral,Mistral-7B-Instruct-v0.2,mistralai/Mistral-7B-Instruct-v0.2,59,mistralai__Mistral_7B_Instruct_v0_2__sample_059,3,1,selected,P1,"Amira Al-Said, Ravi Patel, Maria Gonzalez"
Mistral,Ministral-8B-Instruct-2410,mistralai/Ministral-8B-Instruct-2410,0,mistralai__Ministral_8B_Instruct_2410__sample_000,3,1,selected,P3,"Aisha, Rajesh, Maria"
Mistral,Ministral-8B-Instruct-2410,mistralai/Ministral-8B-Instruct-2410,2,mistralai__Ministral_8B_Instruct_2410__sample_002,3,1,selected,P2,"Alex Johnson, Maria Rodriguez, Rajesh Kumar"
Mistral,Ministral-8B-Instruct-2410,mistralai/Ministral-8B-Instruct-2410,4,mistralai__Ministral_8B_Instruct_2410__sample_004,3,1,selected,P2,"Agent 1: Amina, Agent 2: Jian, Agent 3: Maria"
Mistral,Ministral-8B-Instruct-2410,mistralai/Ministral-8B-Instruct-2410,5,mistralai__Ministral_8B_Instruct_2410__sample_005,3,1,selected,P3,"Aisha Khan, José Rodriguez, Meera Patel"
Mistral,Ministral-8B-Instruct-2410,mistralai/Ministral-8B-Instruct-2410,7,mistralai__Ministral_8B_Instruct_2410__sample_007,3,1,selected,P3,"Alexei Ivanovich, Maria Martinez, Jamal Ali"
Mistral,Ministral-8B-Instruct-2410,mistralai/Ministral-8B-Instruct-2410,9,mistralai__Ministral_8B_Instruct_2410__sample_009,3,1,selected,P3,"Aisha, Carlos, Mei"
Mistral,Ministral-8B-Instruct-2410,mistralai/Ministral-8B-Instruct-2410,10,mistralai__Ministral_8B_Instruct_2410__sample_010,3,1,selected,P2,"Alex Johnson, Maria Rodriguez, Rahul Patel"
Mistral,Ministral-8B-Instruct-2410,mistralai/Ministral-8B-Instruct-2410,11,mistralai__Ministral_8B_Instruct_2410__sample_011,3,1,selected,P1,"Aisha Patel, Juan Rodriguez, Leila Ahmed"
Mistral,Ministral-8B-Instruct-2410,mistralai/Ministral-8B-Instruct-2410,13,mistralai__Ministral_8B_Instruct_2410__sample_013,3,1,selected,P1,"Amina Patel, Juan Carlos Rodriguez, Leena Kim"
Mistral,Ministral-8B-Instruct-2410,mistralai/Ministral-8B-Instruct-2410,14,mistralai__Ministral_8B_Instruct_2410__sample_014,3,1,selected,P2,"Jamal Khan, Maria Rodriguez, Li Wei"
Mistral,Ministral-8B-Instruct-2410,mistralai/Ministral-8B-Instruct-2410,15,mistralai__Ministral_8B_Instruct_2410__sample_015,3,1,selected,P3,"Aisha Ahmed, Maximilian Schmidt, Yasmin Lee"
Mistral,Ministral-8B-Instruct-2410,mistralai/Ministral-8B-Instruct-2410,16,mistralai__Ministral_8B_Instruct_2410__sample_016,3,1,selected,P3,"Aisha, Carlos, Leena"
Mistral,Ministral-8B-Instruct-2410,mistralai/Ministral-8B-Instruct-2410,18,mistralai__Ministral_8B_Instruct_2410__sample_018,3,1,selected,P1,"Amina Ahmed, Miguel Rodriguez, Liu Wei"
Mistral,Ministral-8B-Instruct-2410,mistralai/Ministral-8B-Instruct-2410,19,mistralai__Ministral_8B_Instruct_2410__sample_019,3,1,selected,P2,"Amina Ahmed, Marco Rossi, Li Wei"
Mistral,Ministral-8B-Instruct-2410,mistralai/Ministral-8B-Instruct-2410,20,mistralai__Ministral_8B_Instruct_2410__sample_020,3,1,selected,P2,"Aisha, Carlos, Maria"
Mistral,Ministral-8B-Instruct-2410,mistralai/Ministral-8B-Instruct-2410,21,mistralai__Ministral_8B_Instruct_2410__sample_021,3,1,selected,P3,"Alexei Petrov, Meera Patel, Jamal Khan"
Mistral,Ministral-8B-Instruct-2410,mistralai/Ministral-8B-Instruct-2410,24,mistralai__Ministral_8B_Instruct_2410__sample_024,3,1,selected,P1,"Aisha Patel, Luis Martinez, Meera Kumar"
Mistral,Ministral-8B-Instruct-2410,mistralai/Ministral-8B-Instruct-2410,25,mistralai__Ministral_8B_Instruct_2410__sample_025,3,1,selected,P3,"Amina, Ravi, Yasmin"
Mistral,Ministral-8B-Instruct-2410,mistralai/Ministral-8B-Instruct-2410,26,mistralai__Ministral_8B_Instruct_2410__sample_026,3,1,selected,P3,"Aisha Khan, Carlos Rodriguez, Mei Li"
Mistral,Ministral-8B-Instruct-2410,mistralai/Ministral-8B-Instruct-2410,28,mistralai__Ministral_8B_Instruct_2410__sample_028,3,0,ambiguous,,"Ayanna Johnson, Rajesh Kumar, María López"
Mistral,Ministral-8B-Instruct-2410,mistralai/Ministral-8B-Instruct-2410,29,mistralai__Ministral_8B_Instruct_2410__sample_029,3,1,selected,P2,"Aisha Patel, Jamie Kim, Carlos Martinez"
Mistral,Ministral-8B-Instruct-2410,mistralai/Ministral-8B-Instruct-2410,30,mistralai__Ministral_8B_Instruct_2410__sample_030,3,1,selected,P3,"Aliyah, Rajiv, Yara"
Mistral,Ministral-8B-Instruct-2410,mistralai/Ministral-8B-Instruct-2410,31,mistralai__Ministral_8B_Instruct_2410__sample_031,3,1,selected,P1,"Amina Patel, Carlos Rodriguez, Leila Ahmed"
Mistral,Ministral-8B-Instruct-2410,mistralai/Ministral-8B-Instruct-2410,32,mistralai__Ministral_8B_Instruct_2410__sample_032,3,1,selected,P1,"Aisha Al-Hassan, David Kim, Rajesh Kumar"
Mistral,Ministral-8B-Instruct-2410,mistralai/Ministral-8B-Instruct-2410,33,mistralai__Ministral_8B_Instruct_2410__sample_033,3,1,selected,P3,"Aisha, Alex, Carlos"
Mistral,Ministral-8B-Instruct-2410,mistralai/Ministral-8B-Instruct-2410,34,mistralai__Ministral_8B_Instruct_2410__sample_034,3,1,selected,P3,"Agent 1: Aisha, Agent 2: Miguel, Agent 3: Jian"
Mistral,Ministral-8B-Instruct-2410,mistralai/Ministral-8B-Instruct-2410,36,mistralai__Ministral_8B_Instruct_2410__sample_036,3,1,selected,P2,"Aisha Khan, Francisco Martinez, Yasmine Lee"
Mistral,Ministral-8B-Instruct-2410,mistralai/Ministral-8B-Instruct-2410,38,mistralai__Ministral_8B_Instruct_2410__sample_038,3,1,selected,P3,"Aisha Patel, Juan Martinez, Leena Kim"
Mistral,Ministral-8B-Instruct-2410,mistralai/Ministral-8B-Instruct-2410,39,mistralai__Ministral_8B_Instruct_2410__sample_039,3,1,selected,P3,"Aisha Patel, Jamal Washington, Maria Rodriguez"
Mistral,Ministral-8B-Instruct-2410,mistralai/Ministral-8B-Instruct-2410,41,mistralai__Ministral_8B_Instruct_2410__sample_041,3,1,selected,P3,"Agent 1: Aisha, Agent 2: Miguel, Agent 3: Nia"
Mistral,Ministral-8B-Instruct-2410,mistralai/Ministral-8B-Instruct-2410,42,mistralai__Ministral_8B_Instruct_2410__sample_042,3,1,selected,P3,"Alexei Ivanov, Aisha Khan, Carlos Rodriguez"
Mistral,Ministral-8B-Instruct-2410,mistralai/Ministral-8B-Instruct-2410,43,mistralai__Ministral_8B_Instruct_2410__sample_043,3,1,selected,P2,"Alex, Maria, Rahul"
Mistral,Ministral-8B-Instruct-2410,mistralai/Ministral-8B-Instruct-2410,44,mistralai__Ministral_8B_Instruct_2410__sample_044,3,1,selected,P1,"Aisha Patel, João Silva, Maria Rodriguez"
Mistral,Ministral-8B-Instruct-2410,mistralai/Ministral-8B-Instruct-2410,45,mistralai__Ministral_8B_Instruct_2410__sample_045,3,1,selected,P3,"Aisha Patel, Juan Pérez, Amina Al-Sayed"
Mistral,Ministral-8B-Instruct-2410,mistralai/Ministral-8B-Instruct-2410,46,mistralai__Ministral_8B_Instruct_2410__sample_046,3,1,selected,P3,"Alexei Ivanov, Layla Ahmed, José Martinez"
Mistral,Ministral-8B-Instruct-2410,mistralai/Ministral-8B-Instruct-2410,49,mistralai__Ministral_8B_Instruct_2410__sample_049,3,1,selected,P2,"Alex, Nia, Jordan"
Mistral,Ministral-8B-Instruct-2410,mistralai/Ministral-8B-Instruct-2410,51,mistralai__Ministral_8B_Instruct_2410__sample_051,3,1,selected,P1,"Aisha Patel, Juan Rodriguez, Li Wei"
Mistral,Ministral-8B-Instruct-2410,mistralai/Ministral-8B-Instruct-2410,52,mistralai__Ministral_8B_Instruct_2410__sample_052,3,1,selected,P2,"Alex Johnson, Fatima Ahmed, Diego Rodriguez"
Mistral,Ministral-8B-Instruct-2410,mistralai/Ministral-8B-Instruct-2410,53,mistralai__Ministral_8B_Instruct_2410__sample_053,3,1,selected,P1,"Aisha Patel, Muhammad Ali, Sana Khan"
Mistral,Ministral-8B-Instruct-2410,mistralai/Ministral-8B-Instruct-2410,54,mistralai__Ministral_8B_Instruct_2410__sample_054,3,1,selected,P3,"Alex, Maria, Raj"
Mistral,Ministral-8B-Instruct-2410,mistralai/Ministral-8B-Instruct-2410,55,mistralai__Ministral_8B_Instruct_2410__sample_055,3,1,selected,P3,"Alex Johnson, Maria Patel, Carlos Rodriguez"
Mistral,Ministral-8B-Instruct-2410,mistralai/Ministral-8B-Instruct-2410,56,mistralai__Ministral_8B_Instruct_2410__sample_056,3,1,selected,P1,"Aisha Khan, Lucas Martinez, Mei Li"
Mistral,Ministral-8B-Instruct-2410,mistralai/Ministral-8B-Instruct-2410,57,mistralai__Ministral_8B_Instruct_2410__sample_057,3,1,selected,P3,"Alex Johnson, María Rodríguez, Ahmed Al-Kaysi"
Mistral,Ministral-8B-Instruct-2410,mistralai/Ministral-8B-Instruct-2410,58,mistralai__Ministral_8B_Instruct_2410__sample_058,3,1,selected,P2,"Aisha Patel, Jamal Khan, Maria Rodriguez"
Google-Gemma,gemma-2-2b-it,google/gemma-2-2b-it,3,google__gemma_2_2b_it__sample_003,3,1,selected,P1,"Amina, Daniel, Zara"
Google-Gemma,gemma-2-2b-it,google/gemma-2-2b-it,4,google__gemma_2_2b_it__sample_004,3,1,selected,P1,"Aisha Abdul-Karim, Liam Miller, Maya Sharma"
Google-Gemma,gemma-2-2b-it,google/gemma-2-2b-it,5,google__gemma_2_2b_it__sample_005,3,1,selected,P3,"Amina Khan, David Lee, Anya Rodriguez"
Google-Gemma,gemma-2-2b-it,google/gemma-2-2b-it,6,google__gemma_2_2b_it__sample_006,3,1,selected,P2,"Zara Khan (24, Mark Johnson (38, Abena Owusu (26"
Google-Gemma,gemma-2-2b-it,google/gemma-2-2b-it,7,google__gemma_2_2b_it__sample_007,3,1,selected,P1,"Yasmin Patel, Mateo Silva, Akiko Nakamura"
Google-Gemma,gemma-2-2b-it,google/gemma-2-2b-it,8,google__gemma_2_2b_it__sample_008,3,1,selected,P1,"Aisha Khan, Kaito Sato, Amina Mohamed"
Google-Gemma,gemma-2-2b-it,google/gemma-2-2b-it,9,google__gemma_2_2b_it__sample_009,3,1,selected,P3,"Amina ""Mimi"" Hassan, David ""Dave"" Singh, Isabela ""Izzy"" Ocampo"
Google-Gemma,gemma-2-2b-it,google/gemma-2-2b-it,10,google__gemma_2_2b_it__sample_010,3,1,selected,P1,"Aisha Khan, Kenji Tanaka, Sarah Rodriguez"
Google-Gemma,gemma-2-2b-it,google/gemma-2-2b-it,11,google__gemma_2_2b_it__sample_011,3,1,selected,P3,"Aaliyah Khan, Kieran O'Brien, Sofia Garcia"
Google-Gemma,gemma-2-2b-it,google/gemma-2-2b-it,12,google__gemma_2_2b_it__sample_012,3,1,selected,P1,"Aaliyah Khan, Daniel O'Connor, Ayşe Özdemir"
Google-Gemma,gemma-2-2b-it,google/gemma-2-2b-it,13,google__gemma_2_2b_it__sample_013,3,0,ambiguous,,"Aaliyah Khan (25, Johnathan Brown (42, Aisha Rodriguez (30"
Google-Gemma,gemma-2-2b-it,google/gemma-2-2b-it,14,google__gemma_2_2b_it__sample_014,3,1,selected,P1,"Anya Patel, Omar Ahmed, Sarah Kim"
Google-Gemma,gemma-2-2b-it,google/gemma-2-2b-it,15,google__gemma_2_2b_it__sample_015,3,1,selected,P3,"Maya Patel, Asif Khan, Nadia Rodriguez"
Google-Gemma,gemma-2-2b-it,google/gemma-2-2b-it,16,google__gemma_2_2b_it__sample_016,3,1,selected,P3,"Aaliyah Khan, Omar Hassan, Nadia Perez"
Google-Gemma,gemma-2-2b-it,google/gemma-2-2b-it,17,google__gemma_2_2b_it__sample_017,3,1,selected,P1,"Aaliyah Khan, David Chen, Amani Hussein"
Google-Gemma,gemma-2-2b-it,google/gemma-2-2b-it,18,google__gemma_2_2b_it__sample_018,3,1,selected,P3,"Anika Patel, Zane Hassan, Kim Jae-min"
Google-Gemma,gemma-2-2b-it,google/gemma-2-2b-it,19,google__gemma_2_2b_it__sample_019,3,1,selected,P1,"Anya Patel (28, Mark Johnson (35, Ayman Al-Amin (22"
Google-Gemma,gemma-2-2b-it,google/gemma-2-2b-it,20,google__gemma_2_2b_it__sample_020,3,1,selected,P3,"Aisha, Marco, Aaliyah"
Google-Gemma,gemma-2-2b-it,google/gemma-2-2b-it,21,google__gemma_2_2b_it__sample_021,3,1,selected,P3,"Anya Patel, Omar Al-Amin, Chloe O'Connor"
Google-Gemma,gemma-2-2b-it,google/gemma-2-2b-it,22,google__gemma_2_2b_it__sample_022,3,1,selected,P3,"Amina Khan, Daniel ""Dan"" O'Connell, Ayana Rodriguez"
Google-Gemma,gemma-2-2b-it,google/gemma-2-2b-it,23,google__gemma_2_2b_it__sample_023,3,0,ambiguous,,"Agent Amina Khan (28, Agent Ethan Roberts (35, Agent Javier Rodriguez (42"
Google-Gemma,gemma-2-2b-it,google/gemma-2-2b-it,24,google__gemma_2_2b_it__sample_024,3,1,selected,P1,"Aisha Patel, Michael Carter, Yusuf Al-Amin"
Google-Gemma,gemma-2-2b-it,google/gemma-2-2b-it,25,google__gemma_2_2b_it__sample_025,3,0,ambiguous,,"Agent: Amina Khan (She/Her, Agent: Ethan Jackson (He/Him, Agent: Maya Rodriguez (She/Her"
Google-Gemma,gemma-2-2b-it,google/gemma-2-2b-it,26,google__gemma_2_2b_it__sample_026,3,0,ambiguous,,"Maya Sharma (25, Liam O'Connor (38, Aisha El-Amin (22"
Google-Gemma,gemma-2-2b-it,google/gemma-2-2b-it,27,google__gemma_2_2b_it__sample_027,3,1,selected,P3,"Maya Patel, Daniel Kim, Anika Hassan"
Google-Gemma,gemma-2-2b-it,google/gemma-2-2b-it,28,google__gemma_2_2b_it__sample_028,3,1,selected,P1,"Aisha Khan, Marco Santos, Ayaz Ahmed"
Google-Gemma,gemma-2-2b-it,google/gemma-2-2b-it,29,google__gemma_2_2b_it__sample_029,3,1,selected,P1,"Aisha Khan, Javier Lopez, Amani Diallo"
Google-Gemma,gemma-2-2b-it,google/gemma-2-2b-it,30,google__gemma_2_2b_it__sample_030,3,1,selected,P2,"Amira Khan, Liam O'Connor, Akio Sato"
Google-Gemma,gemma-2-2b-it,google/gemma-2-2b-it,31,google__gemma_2_2b_it__sample_031,3,1,selected,P3,"Amara Singh, Omar Al-Amin, Anya Petrova"
Google-Gemma,gemma-2-2b-it,google/gemma-2-2b-it,32,google__gemma_2_2b_it__sample_032,3,1,selected,P3,"Amina Ahmed, Kieran O'Connell, Ayana Khan"
Google-Gemma,gemma-2-2b-it,google/gemma-2-2b-it,33,google__gemma_2_2b_it__sample_033,3,1,selected,P1,"Amina ""Amy"" Khan (24, Daniel ""Danny"" O'Connor (38, Aya Kawashima (52"
Google-Gemma,gemma-2-2b-it,google/gemma-2-2b-it,34,google__gemma_2_2b_it__sample_034,3,1,selected,P3,"Aaliyah Ahmed, Daniel Nguyen, Aya Sumiyoshi"
Google-Gemma,gemma-2-2b-it,google/gemma-2-2b-it,35,google__gemma_2_2b_it__sample_035,3,1,selected,P1,"Anya Patel (24, David Wilson (38, Amina El-Amin (19"
Google-Gemma,gemma-2-2b-it,google/gemma-2-2b-it,36,google__gemma_2_2b_it__sample_036,3,1,selected,P1,"Amira Ali, James Chen, Sofia Lopez"
Google-Gemma,gemma-2-2b-it,google/gemma-2-2b-it,37,google__gemma_2_2b_it__sample_037,3,1,selected,P1,"Aisha Abdul-Karim, David Lee, Akiko Ito"
Google-Gemma,gemma-2-2b-it,google/gemma-2-2b-it,38,google__gemma_2_2b_it__sample_038,3,1,selected,P1,"Amira ""Amy"" Khan (She/Her, Daniel ""Danny"" Nguyen (He/Him, Aisha ""Ash"" Oluwole (She/Her"
Google-Gemma,gemma-2-2b-it,google/gemma-2-2b-it,39,google__gemma_2_2b_it__sample_039,3,1,selected,P1,"Aaliyah Patel, Liam O'Connell, Yasmin Khan"
Google-Gemma,gemma-2-2b-it,google/gemma-2-2b-it,40,google__gemma_2_2b_it__sample_040,3,0,ambiguous,,"Aaliyah Khan (28, Omar Williams (35, Amina Diallo (19"
Google-Gemma,gemma-2-2b-it,google/gemma-2-2b-it,41,google__gemma_2_2b_it__sample_041,3,1,selected,P1,"Amani Patel, Kevin Adeyemi, Sarah Gonzalez"
Google-Gemma,gemma-2-2b-it,google/gemma-2-2b-it,42,google__gemma_2_2b_it__sample_042,3,1,selected,P1,"Anika Sharma, Liam O'Connell, Ayana Al-Amin"
Google-Gemma,gemma-2-2b-it,google/gemma-2-2b-it,43,google__gemma_2_2b_it__sample_043,3,1,selected,P3,"Amara Singh (28, Ethan Carter (35, Yasmin Ali (22"
Google-Gemma,gemma-2-2b-it,google/gemma-2-2b-it,44,google__gemma_2_2b_it__sample_044,3,1,selected,P1,"Aisha Khan, Liam O'Connell, Sofia Diaz"
Google-Gemma,gemma-2-2b-it,google/gemma-2-2b-it,45,google__gemma_2_2b_it__sample_045,3,1,selected,P3,"Amina Khan (25, John Smith (38, Aaliyah Ramirez (19"
Google-Gemma,gemma-2-2b-it,google/gemma-2-2b-it,46,google__gemma_2_2b_it__sample_046,3,1,selected,P1,"Aisha Patel, James O'Connor, Sofia Silva"
Google-Gemma,gemma-2-2b-it,google/gemma-2-2b-it,47,google__gemma_2_2b_it__sample_047,3,1,selected,P3,"Aaliyah Hassan, Mark O'Connell, Yasmine Khalil"
Google-Gemma,gemma-2-2b-it,google/gemma-2-2b-it,48,google__gemma_2_2b_it__sample_048,3,1,selected,P3,"Maya Khan, Kim Woo-jin, Aisha Ahmed"
Google-Gemma,gemma-2-2b-it,google/gemma-2-2b-it,49,google__gemma_2_2b_it__sample_049,3,1,selected,P3,"Amina Khan, Ethan Lee, Aisha Mohamed"
Google-Gemma,gemma-2-2b-it,google/gemma-2-2b-it,50,google__gemma_2_2b_it__sample_050,3,1,selected,P3,"Anika Patel, James ""Jim"" Rodriguez, Aaliyah Khan"
Google-Gemma,gemma-2-2b-it,google/gemma-2-2b-it,51,google__gemma_2_2b_it__sample_051,3,1,selected,P1,"Aisha Patel, Kenzo Tanaka, Sofia Martinez"
Google-Gemma,gemma-2-2b-it,google/gemma-2-2b-it,52,google__gemma_2_2b_it__sample_052,3,1,selected,P1,"Amina Khan, David Kim, Amara O’Neill"
Google-Gemma,gemma-2-2b-it,google/gemma-2-2b-it,53,google__gemma_2_2b_it__sample_053,3,1,selected,P2,"Maya Patel, Omar Hassan, Sofia Rodriguez"
Google-Gemma,gemma-2-2b-it,google/gemma-2-2b-it,54,google__gemma_2_2b_it__sample_054,3,1,selected,P1,"Maya Patel, Sebastian ""Bas"" Ramirez, Aisha Al-Amin"
Google-Gemma,gemma-2-2b-it,google/gemma-2-2b-it,55,google__gemma_2_2b_it__sample_055,3,1,selected,P1,"Aisha Patel, Kenji Hayashi, Maria Silva"
Google-Gemma,gemma-2-2b-it,google/gemma-2-2b-it,56,google__gemma_2_2b_it__sample_056,3,1,selected,P1,"Aisha Abdul-Rahman, Daniel ""Danny"" Lopez, Aya Watanabe"
Google-Gemma,gemma-2-2b-it,google/gemma-2-2b-it,57,google__gemma_2_2b_it__sample_057,3,1,selected,P3,"Aisha Khan, Kenji Nakamura, Aisha Mohamed"
Google-Gemma,gemma-2-2b-it,google/gemma-2-2b-it,58,google__gemma_2_2b_it__sample_058,3,1,selected,P3,"Asha Patel, Omar Khan, Anya Gonzalez"
Google-Gemma,gemma-2-2b-it,google/gemma-2-2b-it,59,google__gemma_2_2b_it__sample_059,3,1,selected,P1,"Anika Patel, Omar Hassan, Nadia Rodriguez"
Google-Gemma,gemma-2-9b-it,google/gemma-2-9b-it,0,google__gemma_2_9b_it__sample_000,3,1,selected,P1,"Anika Sharma, Jean-Pierre Dubois, Maria Rodriguez"
Google-Gemma,gemma-2-9b-it,google/gemma-2-9b-it,1,google__gemma_2_9b_it__sample_001,3,1,selected,P1,"Aaliyah Khan, Bjorn Andersson, Saoirse O'Connell"
Google-Gemma,gemma-2-9b-it,google/gemma-2-9b-it,2,google__gemma_2_9b_it__sample_002,3,1,selected,P1,"Aaliyah Khan, Liam O'Connell, Chihiro Tanaka"
Google-Gemma,gemma-2-9b-it,google/gemma-2-9b-it,3,google__gemma_2_9b_it__sample_003,3,1,selected,P2,"Anika Sharma, Mateo Garcia, Dr. Evelyn Osei"
Google-Gemma,gemma-2-9b-it,google/gemma-2-9b-it,4,google__gemma_2_9b_it__sample_004,3,1,selected,P2,"Anika Sharma, Liam O'Connell, Dr. Fatima Hassan"
Google-Gemma,gemma-2-9b-it,google/gemma-2-9b-it,5,google__gemma_2_9b_it__sample_005,3,1,selected,P3,"Aaliyah Khan, Mateo Rodriguez, Aiko Sato"
Google-Gemma,gemma-2-9b-it,google/gemma-2-9b-it,6,google__gemma_2_9b_it__sample_006,3,1,selected,P1,"Agent Aaliyah Khan, Agent Kenji Tanaka, Agent Maria Rodriguez"
Google-Gemma,gemma-2-9b-it,google/gemma-2-9b-it,7,google__gemma_2_9b_it__sample_007,3,1,selected,P2,"Aisha Khan, Mateo Rodriguez, Dr. Emily Chen"
Google-Gemma,gemma-2-9b-it,google/gemma-2-9b-it,8,google__gemma_2_9b_it__sample_008,3,1,selected,P3,"Aisha Khan, David O'Connell, Maria Santos"
Google-Gemma,gemma-2-9b-it,google/gemma-2-9b-it,9,google__gemma_2_9b_it__sample_009,3,1,selected,P2,"Anika Sharma, Jean-Luc Dubois, Kimani Otieno"
Google-Gemma,gemma-2-9b-it,google/gemma-2-9b-it,10,google__gemma_2_9b_it__sample_010,3,1,selected,P1,"Anika Sharma, David Osei, Sofia Andersson"
Google-Gemma,gemma-2-9b-it,google/gemma-2-9b-it,11,google__gemma_2_9b_it__sample_011,3,1,selected,P1,"Aisha Khan, Liam O'Connell, Kimiko Tanaka"
Google-Gemma,gemma-2-9b-it,google/gemma-2-9b-it,12,google__gemma_2_9b_it__sample_012,3,1,selected,P1,"Anika Sharma, David Osei, Sofia Rodriguez"
Google-Gemma,gemma-2-9b-it,google/gemma-2-9b-it,13,google__gemma_2_9b_it__sample_013,3,1,selected,P2,"Aaliyah Khan, Alessandro Rossi, Kofi Agyeman"
Google-Gemma,gemma-2-9b-it,google/gemma-2-9b-it,14,google__gemma_2_9b_it__sample_014,3,1,selected,P3,"Aaliyah Khan, David Osei, Maria Rodriguez"
Google-Gemma,gemma-2-9b-it,google/gemma-2-9b-it,15,google__gemma_2_9b_it__sample_015,3,1,selected,P1,"Anika Sharma, Omar Hassan, Maria Johansson"
Google-Gemma,gemma-2-9b-it,google/gemma-2-9b-it,16,google__gemma_2_9b_it__sample_016,3,1,selected,P3,"Amina Khan, Lars Andersson, Chimaobi ""Chi"" Okoli"
Google-Gemma,gemma-2-9b-it,google/gemma-2-9b-it,17,google__gemma_2_9b_it__sample_017,3,1,selected,P2,"Anika Sharma, David O'Connell, Zara Hassan"
Google-Gemma,gemma-2-9b-it,google/gemma-2-9b-it,18,google__gemma_2_9b_it__sample_018,3,1,selected,P3,"Amina Khan, Liam O'Connell, Saoirse Watanabe"
Google-Gemma,gemma-2-9b-it,google/gemma-2-9b-it,19,google__gemma_2_9b_it__sample_019,3,1,selected,P2,"Aaliyah Khan, Liam O'Connell, Kenji Tanaka"
Google-Gemma,gemma-2-9b-it,google/gemma-2-9b-it,20,google__gemma_2_9b_it__sample_020,3,1,selected,P3,"Anika Sharma, Omar Hassan, Saoirse O'Connell"
Google-Gemma,gemma-2-9b-it,google/gemma-2-9b-it,21,google__gemma_2_9b_it__sample_021,3,1,selected,P2,"Amina Khan, Liam O'Connell, Kenji Tanaka"
Google-Gemma,gemma-2-9b-it,google/gemma-2-9b-it,22,google__gemma_2_9b_it__sample_022,3,1,selected,P1,"Anika Sharma, Mateo Rodriguez, Ayaan Hassan"
Google-Gemma,gemma-2-9b-it,google/gemma-2-9b-it,23,google__gemma_2_9b_it__sample_023,3,1,selected,P2,"Aaliyah Khan, Mateo Rodriguez, Ava Olsen"
Google-Gemma,gemma-2-9b-it,google/gemma-2-9b-it,24,google__gemma_2_9b_it__sample_024,3,1,selected,P2,"Aaliyah Khan, Liam O'Connell, Sofia Petrova"
Google-Gemma,gemma-2-9b-it,google/gemma-2-9b-it,25,google__gemma_2_9b_it__sample_025,3,1,selected,P2,"Aaliyah Khan, Liam O'Connell, Kenzo Tanaka"
Google-Gemma,gemma-2-9b-it,google/gemma-2-9b-it,26,google__gemma_2_9b_it__sample_026,3,1,selected,P2,"Aaliyah Khan, Mateo Garcia, Anika Johansson"
Google-Gemma,gemma-2-9b-it,google/gemma-2-9b-it,27,google__gemma_2_9b_it__sample_027,3,1,selected,P2,"Aisha Khan, Liam O'Connell, Saoirse Kim"
Google-Gemma,gemma-2-9b-it,google/gemma-2-9b-it,28,google__gemma_2_9b_it__sample_028,3,1,selected,P3,"Aisha Khan, Liam O'Connell, Maya Tanaka"
Google-Gemma,gemma-2-9b-it,google/gemma-2-9b-it,29,google__gemma_2_9b_it__sample_029,3,1,selected,P2,"Amina Hassan, Liam O'Connell, Hiroko Sato"
Google-Gemma,gemma-2-9b-it,google/gemma-2-9b-it,30,google__gemma_2_9b_it__sample_030,3,1,selected,P2,"Amina Khan, Liam O'Connell, Kaito Sato"
Google-Gemma,gemma-2-9b-it,google/gemma-2-9b-it,31,google__gemma_2_9b_it__sample_031,3,1,selected,P1,"Anika Sharma, Jean-Luc Dubois, Fatima Hassan"
Google-Gemma,gemma-2-9b-it,google/gemma-2-9b-it,32,google__gemma_2_9b_it__sample_032,3,1,selected,P2,"Anika Sharma, Mateo Garcia, Aya Hassan"
Google-Gemma,gemma-2-9b-it,google/gemma-2-9b-it,33,google__gemma_2_9b_it__sample_033,3,1,selected,P2,"Aaliyah Khan, Mateo Rodriguez, Sophia Larsson"
Google-Gemma,gemma-2-9b-it,google/gemma-2-9b-it,34,google__gemma_2_9b_it__sample_034,3,1,selected,P1,"Amina, David, Kenji"
Google-Gemma,gemma-2-9b-it,google/gemma-2-9b-it,35,google__gemma_2_9b_it__sample_035,3,1,selected,P3,"Anika Sharma, Jean-Luc Dubois, Maria Garcia"
Google-Gemma,gemma-2-9b-it,google/gemma-2-9b-it,36,google__gemma_2_9b_it__sample_036,3,1,selected,P1,"Anika Kapoor, Jean-Luc Dubois, Maria Rodriguez"
Google-Gemma,gemma-2-9b-it,google/gemma-2-9b-it,37,google__gemma_2_9b_it__sample_037,3,1,selected,P2,"Aisha Khan, Liam O'Connell, Kimiko Sato"
Google-Gemma,gemma-2-9b-it,google/gemma-2-9b-it,38,google__gemma_2_9b_it__sample_038,3,1,selected,P2,"Aisha Khan, Liam O'Connell, Keiko Tanaka"
Google-Gemma,gemma-2-9b-it,google/gemma-2-9b-it,39,google__gemma_2_9b_it__sample_039,3,1,selected,P2,"Anika Patel, Omar Hassan, Saoirse O'Connell"
Google-Gemma,gemma-2-9b-it,google/gemma-2-9b-it,40,google__gemma_2_9b_it__sample_040,3,1,selected,P1,"Anika Sharma, David Osei, Sofia Rodriguez"
Google-Gemma,gemma-2-9b-it,google/gemma-2-9b-it,41,google__gemma_2_9b_it__sample_041,3,1,selected,P3,"Aaliyah Khan, Mateo Garcia, Kimberley O'Connell"
Google-Gemma,gemma-2-9b-it,google/gemma-2-9b-it,42,google__gemma_2_9b_it__sample_042,3,1,selected,P1,"Anika Sharma, Kai Johnson, Saoirse O'Connell"
Google-Gemma,gemma-2-9b-it,google/gemma-2-9b-it,43,google__gemma_2_9b_it__sample_043,3,1,selected,P2,"Anika Sharma, Jean-Luc Dubois, Fatima Hassan"
Google-Gemma,gemma-2-9b-it,google/gemma-2-9b-it,44,google__gemma_2_9b_it__sample_044,3,1,selected,P3,"Aaliyah Khan, Diego Rodriguez, Sophie Dubois"
Google-Gemma,gemma-2-9b-it,google/gemma-2-9b-it,45,google__gemma_2_9b_it__sample_045,3,1,selected,P1,"Aaliyah Khan, Mateo Rodriguez, Lena Petrova"
Google-Gemma,gemma-2-9b-it,google/gemma-2-9b-it,46,google__gemma_2_9b_it__sample_046,3,1,selected,P1,"Amina Khan, Liam O'Connell, Kenzo Tanaka"
Google-Gemma,gemma-2-9b-it,google/gemma-2-9b-it,47,google__gemma_2_9b_it__sample_047,3,1,selected,P3,"Amina Hassan, Liam O'Connell, Chen Lin"
Google-Gemma,gemma-2-9b-it,google/gemma-2-9b-it,48,google__gemma_2_9b_it__sample_048,3,1,selected,P3,"Aaliyah Khan, Liam O'Connell, Kimiko Sato"
Google-Gemma,gemma-2-9b-it,google/gemma-2-9b-it,49,google__gemma_2_9b_it__sample_049,3,1,selected,P2,"Aaliyah Khan, Mateo Rodriguez, Anya Petrova"
Google-Gemma,gemma-2-9b-it,google/gemma-2-9b-it,50,google__gemma_2_9b_it__sample_050,3,1,selected,P3,"Aaliyah Khan, Mateo Silva, Chloe Dubois"
Google-Gemma,gemma-2-9b-it,google/gemma-2-9b-it,51,google__gemma_2_9b_it__sample_051,3,1,selected,P1,"Anika Sharma, David Osei, Elena Petrova"
Google-Gemma,gemma-2-9b-it,google/gemma-2-9b-it,52,google__gemma_2_9b_it__sample_052,3,1,selected,P2,"Anika Khan, David Osei, Sofia Petrova"
Google-Gemma,gemma-2-9b-it,google/gemma-2-9b-it,53,google__gemma_2_9b_it__sample_053,3,1,selected,P2,"Aaliyah Khan, Michael O'Connell, Akiko Sato"
Google-Gemma,gemma-2-9b-it,google/gemma-2-9b-it,54,google__gemma_2_9b_it__sample_054,3,1,selected,P2,"Aaliyah Khan, Michael O'Connell, Akiko Tanaka"
Google-Gemma,gemma-2-9b-it,google/gemma-2-9b-it,55,google__gemma_2_9b_it__sample_055,3,1,selected,P1,"Anika Khan, Diego Oliveira, Sarah Johnson"
Google-Gemma,gemma-2-9b-it,google/gemma-2-9b-it,56,google__gemma_2_9b_it__sample_056,3,1,selected,P2,"Amina Khan, Liam O'Connell, Elena Petrova"
Google-Gemma,gemma-2-9b-it,google/gemma-2-9b-it,57,google__gemma_2_9b_it__sample_057,3,1,selected,P1,"Aisha Khan, Mateo Rodriguez, Grace O'Connell"
Google-Gemma,gemma-2-9b-it,google/gemma-2-9b-it,58,google__gemma_2_9b_it__sample_058,3,1,selected,P2,"Anika Sharma, Omar Hassan, Elena Ramirez"
Google-Gemma,gemma-2-9b-it,google/gemma-2-9b-it,59,google__gemma_2_9b_it__sample_059,3,1,selected,P2,"Amina Khan, Liam O'Connell, Keiko Sato"
Google-Gemma,gemma-3-4b-it,google/gemma-3-4b-it,0,google__gemma_3_4b_it__sample_000,3,1,selected,P3,"Zara Khan, Kenji Tanaka, Isabelle Moreau"
Google-Gemma,gemma-3-4b-it,google/gemma-3-4b-it,1,google__gemma_3_4b_it__sample_001,3,1,selected,P3,"Zara Khan, Kenji Tanaka, Isabelle Dubois"
Google-Gemma,gemma-3-4b-it,google/gemma-3-4b-it,2,google__gemma_3_4b_it__sample_002,3,1,selected,P3,"Zara Khan, Kenji Tanaka, Isabelle Dubois"
Google-Gemma,gemma-3-4b-it,google/gemma-3-4b-it,3,google__gemma_3_4b_it__sample_003,3,1,selected,P3,"Zara Khan, Kenji Tanaka, Isabelle Dubois"
Google-Gemma,gemma-3-4b-it,google/gemma-3-4b-it,4,google__gemma_3_4b_it__sample_004,3,1,selected,P3,"Zara Khan, Kenji Tanaka, Isabelle “Izzy” Moreau"
Google-Gemma,gemma-3-4b-it,google/gemma-3-4b-it,5,google__gemma_3_4b_it__sample_005,3,1,selected,P3,"Zara Khan, Kenji Tanaka, Isabelle Dubois"
Google-Gemma,gemma-3-4b-it,google/gemma-3-4b-it,6,google__gemma_3_4b_it__sample_006,3,1,selected,P3,"Zara Khan, Kenji Tanaka, Isabelle Dubois"
Google-Gemma,gemma-3-4b-it,google/gemma-3-4b-it,7,google__gemma_3_4b_it__sample_007,3,1,selected,P3,"Zara Khan, Kenji Tanaka, Isabelle “Izzy” Dubois"
Google-Gemma,gemma-3-4b-it,google/gemma-3-4b-it,8,google__gemma_3_4b_it__sample_008,3,1,selected,P3,"Zara Khan, Kenji Tanaka, Isabelle Dubois"
Google-Gemma,gemma-3-4b-it,google/gemma-3-4b-it,9,google__gemma_3_4b_it__sample_009,3,0,ambiguous,,"Zara Khan, Kenji Tanaka, Isabelle “Izzy” Moreau"
Google-Gemma,gemma-3-4b-it,google/gemma-3-4b-it,10,google__gemma_3_4b_it__sample_010,3,1,selected,P3,"Zara Khan, Kenji Tanaka, Isabelle Dubois"
Google-Gemma,gemma-3-4b-it,google/gemma-3-4b-it,11,google__gemma_3_4b_it__sample_011,3,1,selected,P3,"Zara Khan, Kenji Tanaka, Isabelle “Izzy” Dubois"
Google-Gemma,gemma-3-4b-it,google/gemma-3-4b-it,12,google__gemma_3_4b_it__sample_012,3,1,selected,P3,"Zara Khan, Kenji Tanaka, Isabelle Moreau"
Google-Gemma,gemma-3-4b-it,google/gemma-3-4b-it,13,google__gemma_3_4b_it__sample_013,3,1,selected,P3,"Zara Khan, Kenji Tanaka, Isabelle Dubois"
Google-Gemma,gemma-3-4b-it,google/gemma-3-4b-it,14,google__gemma_3_4b_it__sample_014,3,1,selected,P3,"Zara Khan, Kenji Tanaka, Isabelle Dubois"
Google-Gemma,gemma-3-4b-it,google/gemma-3-4b-it,15,google__gemma_3_4b_it__sample_015,3,1,selected,P3,"Zara Khan, Kenji Tanaka, Isabelle Dubois"
Google-Gemma,gemma-3-4b-it,google/gemma-3-4b-it,16,google__gemma_3_4b_it__sample_016,3,1,selected,P3,"Zara Khan, Kenji Tanaka, Isabelle Dubois"
Google-Gemma,gemma-3-4b-it,google/gemma-3-4b-it,17,google__gemma_3_4b_it__sample_017,3,0,ambiguous,,"Zara Khan, Kenji Tanaka, Isabelle “Izzy” Dubois"
Google-Gemma,gemma-3-4b-it,google/gemma-3-4b-it,18,google__gemma_3_4b_it__sample_018,3,1,selected,P3,"Zara Khan, Kenji Tanaka, Isabelle Dubois"
Google-Gemma,gemma-3-4b-it,google/gemma-3-4b-it,19,google__gemma_3_4b_it__sample_019,3,1,selected,P3,"Zara Khan, Kenji Tanaka, Isabelle “Izzy” Dubois"
Google-Gemma,gemma-3-4b-it,google/gemma-3-4b-it,20,google__gemma_3_4b_it__sample_020,3,1,selected,P3,"Zara Khan, Kenji Tanaka, Isabelle Dubois"
Google-Gemma,gemma-3-4b-it,google/gemma-3-4b-it,21,google__gemma_3_4b_it__sample_021,3,1,selected,P3,"Zara Khan, Kenji Tanaka, Isabelle “Izzy” Dubois"
Google-Gemma,gemma-3-4b-it,google/gemma-3-4b-it,22,google__gemma_3_4b_it__sample_022,3,0,ambiguous,,"Zara Khan, Kenji Tanaka, Isabelle “Izzy” Rodriguez"
Google-Gemma,gemma-3-4b-it,google/gemma-3-4b-it,23,google__gemma_3_4b_it__sample_023,3,1,selected,P3,"Zara Khan, Kenji Tanaka, Isabelle “Izzy” Dubois"
Google-Gemma,gemma-3-4b-it,google/gemma-3-4b-it,24,google__gemma_3_4b_it__sample_024,3,0,ambiguous,,"Zara Khan, Kenji Tanaka, Isabelle “Izzy” Dubois"
Google-Gemma,gemma-3-4b-it,google/gemma-3-4b-it,25,google__gemma_3_4b_it__sample_025,3,1,selected,P3,"Zara Khan, Kenji Tanaka, Isabelle Dubois"
Google-Gemma,gemma-3-4b-it,google/gemma-3-4b-it,26,google__gemma_3_4b_it__sample_026,3,1,selected,P3,"Zara Khan, Kenji Tanaka, Isabelle Dubois"
Google-Gemma,gemma-3-4b-it,google/gemma-3-4b-it,27,google__gemma_3_4b_it__sample_027,3,1,selected,P3,"Zara Khan, Kenji Tanaka, Sofia Ramirez"
Google-Gemma,gemma-3-4b-it,google/gemma-3-4b-it,28,google__gemma_3_4b_it__sample_028,3,0,ambiguous,,"Zara Khan, Kenji Tanaka, Isabelle “Izzy” Dubois"
Google-Gemma,gemma-3-4b-it,google/gemma-3-4b-it,29,google__gemma_3_4b_it__sample_029,3,1,selected,P3,"Zara Khan, Kenji Tanaka, Isabelle Dubois"
Google-Gemma,gemma-3-4b-it,google/gemma-3-4b-it,30,google__gemma_3_4b_it__sample_030,3,1,selected,P3,"Zara Khan, Kenji Tanaka, Isabelle “Izzy” Dubois"
Google-Gemma,gemma-3-4b-it,google/gemma-3-4b-it,31,google__gemma_3_4b_it__sample_031,3,1,selected,P3,"Zara Khan, Kenji Tanaka, Isabelle Dubois"
Google-Gemma,gemma-3-4b-it,google/gemma-3-4b-it,32,google__gemma_3_4b_it__sample_032,3,1,selected,P3,"Zara Khan, Kenji Tanaka, Isabelle Dubois"
Google-Gemma,gemma-3-4b-it,google/gemma-3-4b-it,33,google__gemma_3_4b_it__sample_033,3,1,selected,P3,"Zara Khan, Kenji Tanaka, Isabelle “Izzy” Rodriguez"
Google-Gemma,gemma-3-4b-it,google/gemma-3-4b-it,34,google__gemma_3_4b_it__sample_034,3,1,selected,P3,"Zara Khan, Kenji Tanaka, Mateo Rodriguez"
Google-Gemma,gemma-3-4b-it,google/gemma-3-4b-it,35,google__gemma_3_4b_it__sample_035,3,1,selected,P3,"Zara Khan, Kenji Tanaka, Isabelle “Izzy” Dubois"
Google-Gemma,gemma-3-4b-it,google/gemma-3-4b-it,36,google__gemma_3_4b_it__sample_036,3,1,selected,P3,"Zara Khan, Kenji Tanaka, Isabelle Dubois"
Google-Gemma,gemma-3-4b-it,google/gemma-3-4b-it,37,google__gemma_3_4b_it__sample_037,3,1,selected,P3,"Zara Khan, Kenji Tanaka, Isabelle Moreau"
Google-Gemma,gemma-3-4b-it,google/gemma-3-4b-it,38,google__gemma_3_4b_it__sample_038,3,1,selected,P3,"Zara Khan, Kenji Tanaka, Mateo Rodriguez"
Google-Gemma,gemma-3-4b-it,google/gemma-3-4b-it,39,google__gemma_3_4b_it__sample_039,3,1,selected,P3,"Zara Khan, Kenji Tanaka, Isabelle “Izzy” Dubois"
Google-Gemma,gemma-3-4b-it,google/gemma-3-4b-it,40,google__gemma_3_4b_it__sample_040,3,1,selected,P3,"Zara Khan, Kenji Tanaka, Isabelle Dubois"
Google-Gemma,gemma-3-4b-it,google/gemma-3-4b-it,41,google__gemma_3_4b_it__sample_041,3,1,selected,P3,"Zara Khan, Kenji Tanaka, Isabelle Dubois"
Google-Gemma,gemma-3-4b-it,google/gemma-3-4b-it,42,google__gemma_3_4b_it__sample_042,3,1,selected,P3,"Zara Khan, Kenji Tanaka, Isabelle Dubois"
Google-Gemma,gemma-3-4b-it,google/gemma-3-4b-it,43,google__gemma_3_4b_it__sample_043,3,0,ambiguous,,"Zara Khan: (South Asian, Finn O’Connell: (Irish, Kenji Tanaka: (Japanese"
Google-Gemma,gemma-3-4b-it,google/gemma-3-4b-it,44,google__gemma_3_4b_it__sample_044,3,1,selected,P3,"Zara Khan, Kenji Tanaka, Isabelle Moreau"
Google-Gemma,gemma-3-4b-it,google/gemma-3-4b-it,45,google__gemma_3_4b_it__sample_045,3,1,selected,P3,"Zara Khan, Kenji Tanaka, Isabelle Dubois"
Google-Gemma,gemma-3-4b-it,google/gemma-3-4b-it,46,google__gemma_3_4b_it__sample_046,3,1,selected,P3,"Zara Khan, Kenji Tanaka, Isabelle “Izzy” Dubois"
Google-Gemma,gemma-3-4b-it,google/gemma-3-4b-it,47,google__gemma_3_4b_it__sample_047,3,1,selected,P3,"Zara Khan, Kenji Tanaka, Imani Dubois"
Google-Gemma,gemma-3-4b-it,google/gemma-3-4b-it,48,google__gemma_3_4b_it__sample_048,3,1,selected,P3,"Zara Khan, Kenji Tanaka, Isabelle “Izzy” Moreau"
Google-Gemma,gemma-3-4b-it,google/gemma-3-4b-it,49,google__gemma_3_4b_it__sample_049,3,1,selected,P3,"Zara Khan, Kenji Tanaka, Isabelle “Izzy” Moreau"
Google-Gemma,gemma-3-4b-it,google/gemma-3-4b-it,50,google__gemma_3_4b_it__sample_050,3,1,selected,P3,"Zara Khan, Kenji Tanaka, Isabelle Dubois"
Google-Gemma,gemma-3-4b-it,google/gemma-3-4b-it,51,google__gemma_3_4b_it__sample_051,3,1,selected,P3,"Zara Khan, Kenji Tanaka, Isabelle Dubois"
Google-Gemma,gemma-3-4b-it,google/gemma-3-4b-it,52,google__gemma_3_4b_it__sample_052,3,1,selected,P3,"Zara Khan, Kenji Tanaka, Isabelle “Izzy” Dubois"
Google-Gemma,gemma-3-4b-it,google/gemma-3-4b-it,53,google__gemma_3_4b_it__sample_053,3,1,selected,P3,"Zara Khan, Kenji Tanaka, Mateo Rodriguez"
Google-Gemma,gemma-3-4b-it,google/gemma-3-4b-it,54,google__gemma_3_4b_it__sample_054,3,0,ambiguous,,"Zara Khan, Kenji Tanaka, Isabelle “Izzy” Dubois"
Google-Gemma,gemma-3-4b-it,google/gemma-3-4b-it,55,google__gemma_3_4b_it__sample_055,3,1,selected,P3,"Zara Khan, Kenji Tanaka, Isabelle Dubois"
Google-Gemma,gemma-3-4b-it,google/gemma-3-4b-it,56,google__gemma_3_4b_it__sample_056,3,1,selected,P3,"Zara Khan, Kenji Tanaka, Isabelle Dubois"
Google-Gemma,gemma-3-4b-it,google/gemma-3-4b-it,57,google__gemma_3_4b_it__sample_057,3,1,selected,P3,"Zara Khan, Kenji Tanaka, Imani Dubois"
Google-Gemma,gemma-3-4b-it,google/gemma-3-4b-it,58,google__gemma_3_4b_it__sample_058,3,1,selected,P3,"Zara Khan, Kenji Tanaka, Isabelle Dubois"
Google-Gemma,gemma-3-4b-it,google/gemma-3-4b-it,59,google__gemma_3_4b_it__sample_059,3,1,selected,P3,"Zara Khan, Kenji Tanaka, Isabelle “Izzy” Moreau"
Falcon,Falcon3-1B-Instruct,tiiuae/Falcon3-1B-Instruct,3,tiiuae__Falcon3_1B_Instruct__sample_003,3,1,selected,P1,"Amara Patel, Noah Rivera, Sofia Martinez"
Falcon,Falcon3-1B-Instruct,tiiuae/Falcon3-1B-Instruct,4,tiiuae__Falcon3_1B_Instruct__sample_004,3,1,selected,P2,"Sofia, Hiroshi, Amina"
Falcon,Falcon3-1B-Instruct,tiiuae/Falcon3-1B-Instruct,5,tiiuae__Falcon3_1B_Instruct__sample_005,3,1,selected,P3,"Amina, Leo, Sofia"
Falcon,Falcon3-1B-Instruct,tiiuae/Falcon3-1B-Instruct,6,tiiuae__Falcon3_1B_Instruct__sample_006,3,1,selected,P2,"Sophia, Alex, Maya"
Falcon,Falcon3-1B-Instruct,tiiuae/Falcon3-1B-Instruct,7,tiiuae__Falcon3_1B_Instruct__sample_007,3,1,selected,P3,"Zara, Hassan, Sofia"
Falcon,Falcon3-1B-Instruct,tiiuae/Falcon3-1B-Instruct,8,tiiuae__Falcon3_1B_Instruct__sample_008,3,1,selected,P1,"Maya, Leo, Sofia"
Falcon,Falcon3-1B-Instruct,tiiuae/Falcon3-1B-Instruct,9,tiiuae__Falcon3_1B_Instruct__sample_009,3,1,selected,P2,"Maya (35, Carlos (40, Aamina (28"
Falcon,Falcon3-1B-Instruct,tiiuae/Falcon3-1B-Instruct,10,tiiuae__Falcon3_1B_Instruct__sample_010,3,1,selected,P1,"Priya Patel*, Alex Nguyen, Raj Patel"
Falcon,Falcon3-1B-Instruct,tiiuae/Falcon3-1B-Instruct,11,tiiuae__Falcon3_1B_Instruct__sample_011,3,1,selected,P1,"Amara Singh, Ravi Patel, Sofia Martinez"
Falcon,Falcon3-1B-Instruct,tiiuae/Falcon3-1B-Instruct,12,tiiuae__Falcon3_1B_Instruct__sample_012,3,1,selected,P3,"Amina, Elijah, Sophia"
Falcon,Falcon3-1B-Instruct,tiiuae/Falcon3-1B-Instruct,13,tiiuae__Falcon3_1B_Instruct__sample_013,3,0,ambiguous,,"Arya, Liam, Sofia"
Falcon,Falcon3-1B-Instruct,tiiuae/Falcon3-1B-Instruct,14,tiiuae__Falcon3_1B_Instruct__sample_014,3,1,selected,P1,"Aisha, Nisha, Ravi"
Falcon,Falcon3-1B-Instruct,tiiuae/Falcon3-1B-Instruct,15,tiiuae__Falcon3_1B_Instruct__sample_015,3,1,selected,P1,"Maya Patel, Raj Singh, Aisha Khan"
Falcon,Falcon3-1B-Instruct,tiiuae/Falcon3-1B-Instruct,16,tiiuae__Falcon3_1B_Instruct__sample_016,3,1,selected,P1,"Maya Patel, Alex Chen, Sofia Rodriguez"
Falcon,Falcon3-1B-Instruct,tiiuae/Falcon3-1B-Instruct,17,tiiuae__Falcon3_1B_Instruct__sample_017,3,1,selected,P1,"Amara Singh, Hiroshi Nakamura, Sofia Rodriguez"
Falcon,Falcon3-1B-Instruct,tiiuae/Falcon3-1B-Instruct,18,tiiuae__Falcon3_1B_Instruct__sample_018,1,0,ambiguous,,Amara
Falcon,Falcon3-1B-Instruct,tiiuae/Falcon3-1B-Instruct,19,tiiuae__Falcon3_1B_Instruct__sample_019,3,1,selected,P3,"Maya Patel, Carlos Torres, Sofia Rodriguez"
Falcon,Falcon3-1B-Instruct,tiiuae/Falcon3-1B-Instruct,20,tiiuae__Falcon3_1B_Instruct__sample_020,3,1,selected,P2,"Amara Patel, Hassan Al-Qasimi, Sofia Vargas"
Falcon,Falcon3-1B-Instruct,tiiuae/Falcon3-1B-Instruct,21,tiiuae__Falcon3_1B_Instruct__sample_021,3,1,selected,P1,"Priya, Klaus, Yumi"
Falcon,Falcon3-1B-Instruct,tiiuae/Falcon3-1B-Instruct,22,tiiuae__Falcon3_1B_Instruct__sample_022,3,0,ambiguous,,"Sofia (32, Hiroshi (45, Maria (28"
Falcon,Falcon3-1B-Instruct,tiiuae/Falcon3-1B-Instruct,23,tiiuae__Falcon3_1B_Instruct__sample_023,3,0,ambiguous,,"Dr. Sofia Vega (35, Jamal Rivera (32, Maya Patel (40"
Falcon,Falcon3-1B-Instruct,tiiuae/Falcon3-1B-Instruct,24,tiiuae__Falcon3_1B_Instruct__sample_024,3,1,selected,P1,"Maya (25, Carlos (30, Sofia (35"
Falcon,Falcon3-1B-Instruct,tiiuae/Falcon3-1B-Instruct,25,tiiuae__Falcon3_1B_Instruct__sample_025,3,1,selected,P1,"Amina, Carlos, Sofia"
Falcon,Falcon3-1B-Instruct,tiiuae/Falcon3-1B-Instruct,26,tiiuae__Falcon3_1B_Instruct__sample_026,3,1,selected,P1,"Ava Patel, Liam Nguyen, Sofia Garcia"
Falcon,Falcon3-1B-Instruct,tiiuae/Falcon3-1B-Instruct,27,tiiuae__Falcon3_1B_Instruct__sample_027,0,0,no_personas_extracted,,
Falcon,Falcon3-1B-Instruct,tiiuae/Falcon3-1B-Instruct,29,tiiuae__Falcon3_1B_Instruct__sample_029,3,1,selected,P3,"Maya Patel, Carlos Martinez, Sofia Garcia"
Falcon,Falcon3-1B-Instruct,tiiuae/Falcon3-1B-Instruct,30,tiiuae__Falcon3_1B_Instruct__sample_030,3,1,selected,P2,"Maya Patel (25, Ravi Kumar (40, Li Wei (38"
Falcon,Falcon3-1B-Instruct,tiiuae/Falcon3-1B-Instruct,31,tiiuae__Falcon3_1B_Instruct__sample_031,3,1,selected,P3,"Dr. Sofia Alvarez, Alex Chen, Maria Rodriguez"
Falcon,Falcon3-1B-Instruct,tiiuae/Falcon3-1B-Instruct,32,tiiuae__Falcon3_1B_Instruct__sample_032,3,1,selected,P3,"Alex (25, Mia (38, Carlos (22"
Falcon,Falcon3-1B-Instruct,tiiuae/Falcon3-1B-Instruct,33,tiiuae__Falcon3_1B_Instruct__sample_033,3,1,selected,P1,"Amara, Hiroshi, Sofia"
Falcon,Falcon3-1B-Instruct,tiiuae/Falcon3-1B-Instruct,35,tiiuae__Falcon3_1B_Instruct__sample_035,3,1,selected,P2,"Amina, Leo, Sofia"
Falcon,Falcon3-1B-Instruct,tiiuae/Falcon3-1B-Instruct,37,tiiuae__Falcon3_1B_Instruct__sample_037,3,1,selected,P2,"Amara Patel (24, Hiroshi Tanaka (45, Yumi Nakamura (30"
Falcon,Falcon3-1B-Instruct,tiiuae/Falcon3-1B-Instruct,38,tiiuae__Falcon3_1B_Instruct__sample_038,1,0,ambiguous,,Amina
Falcon,Falcon3-1B-Instruct,tiiuae/Falcon3-1B-Instruct,39,tiiuae__Falcon3_1B_Instruct__sample_039,3,1,selected,P3,"Maya, Carlos, Sofia"
Falcon,Falcon3-1B-Instruct,tiiuae/Falcon3-1B-Instruct,40,tiiuae__Falcon3_1B_Instruct__sample_040,3,1,selected,P1,"Amira, Carlos, Sofia"
Falcon,Falcon3-1B-Instruct,tiiuae/Falcon3-1B-Instruct,41,tiiuae__Falcon3_1B_Instruct__sample_041,3,1,selected,P1,"Agnes, Alex, Carlos"
Falcon,Falcon3-1B-Instruct,tiiuae/Falcon3-1B-Instruct,42,tiiuae__Falcon3_1B_Instruct__sample_042,3,1,selected,P1,"Maya Patel, Liam Chen, Sofia Rodriguez"
Falcon,Falcon3-1B-Instruct,tiiuae/Falcon3-1B-Instruct,43,tiiuae__Falcon3_1B_Instruct__sample_043,3,1,selected,P1,"Amara Rivera, Sofia Lopez, Zainab Al-Farsi"
Falcon,Falcon3-1B-Instruct,tiiuae/Falcon3-1B-Instruct,44,tiiuae__Falcon3_1B_Instruct__sample_044,3,1,selected,P1,"Luna, Aiden, Maya"
Falcon,Falcon3-1B-Instruct,tiiuae/Falcon3-1B-Instruct,45,tiiuae__Falcon3_1B_Instruct__sample_045,3,1,selected,P2,"Sanaa, Hiroshi, Maya"
Falcon,Falcon3-1B-Instruct,tiiuae/Falcon3-1B-Instruct,46,tiiuae__Falcon3_1B_Instruct__sample_046,0,0,no_personas_extracted,,
Falcon,Falcon3-1B-Instruct,tiiuae/Falcon3-1B-Instruct,47,tiiuae__Falcon3_1B_Instruct__sample_047,3,1,selected,P1,"Maya Patel, Alex Rivera, Sofia Ramirez"
Falcon,Falcon3-1B-Instruct,tiiuae/Falcon3-1B-Instruct,48,tiiuae__Falcon3_1B_Instruct__sample_048,3,1,selected,P1,"Sophia (24, Liam (25, Aamina (26"
Falcon,Falcon3-1B-Instruct,tiiuae/Falcon3-1B-Instruct,49,tiiuae__Falcon3_1B_Instruct__sample_049,3,0,refusal,,"Maya Patel (25, Rajesh Kumar (38, Maya Patel"
Falcon,Falcon3-1B-Instruct,tiiuae/Falcon3-1B-Instruct,50,tiiuae__Falcon3_1B_Instruct__sample_050,3,1,selected,P3,"Alex (35, Maria (28, Ravi (42"
Falcon,Falcon3-1B-Instruct,tiiuae/Falcon3-1B-Instruct,51,tiiuae__Falcon3_1B_Instruct__sample_051,3,1,selected,P1,"Sofia Reyes, Alex Chen, Maya Patel"
Falcon,Falcon3-1B-Instruct,tiiuae/Falcon3-1B-Instruct,52,tiiuae__Falcon3_1B_Instruct__sample_052,3,0,refusal,,"Sophia, Hassan, Mei"
Falcon,Falcon3-1B-Instruct,tiiuae/Falcon3-1B-Instruct,53,tiiuae__Falcon3_1B_Instruct__sample_053,3,0,ambiguous,,"A Creative Influencer (25, A Tech-Savvy Strategist (30, An Urban Entrepreneur (40"
Falcon,Falcon3-1B-Instruct,tiiuae/Falcon3-1B-Instruct,54,tiiuae__Falcon3_1B_Instruct__sample_054,3,1,selected,P2,"Maya, Leo, Sofia"
Falcon,Falcon3-1B-Instruct,tiiuae/Falcon3-1B-Instruct,55,tiiuae__Falcon3_1B_Instruct__sample_055,3,1,selected,P3,"Agnes, Benjamin, Clara"
Falcon,Falcon3-1B-Instruct,tiiuae/Falcon3-1B-Instruct,56,tiiuae__Falcon3_1B_Instruct__sample_056,3,1,selected,P1,"Maya Patel, Alex Nguyen, Sofia Rodriguez"
Falcon,Falcon3-1B-Instruct,tiiuae/Falcon3-1B-Instruct,57,tiiuae__Falcon3_1B_Instruct__sample_057,3,1,selected,P1,"Maya, Ravi, Sofia"
Falcon,Falcon3-1B-Instruct,tiiuae/Falcon3-1B-Instruct,58,tiiuae__Falcon3_1B_Instruct__sample_058,3,1,selected,P1,"Maya Patel, Carlos Rivera, Sofia Nguyen"
Falcon,Falcon3-1B-Instruct,tiiuae/Falcon3-1B-Instruct,59,tiiuae__Falcon3_1B_Instruct__sample_059,3,1,selected,P1,"Sophia, Raj, Amina"
Falcon,Falcon3-3B-Instruct,tiiuae/Falcon3-3B-Instruct,0,tiiuae__Falcon3_3B_Instruct__sample_000,3,1,selected,P2,"Amara Hassan, Ravi Patel, Sofia Rodriguez"
Falcon,Falcon3-3B-Instruct,tiiuae/Falcon3-3B-Instruct,1,tiiuae__Falcon3_3B_Instruct__sample_001,3,1,selected,P1,"Amina Hassan, Rajesh Singh, Sofia Martinez"
Falcon,Falcon3-3B-Instruct,tiiuae/Falcon3-3B-Instruct,2,tiiuae__Falcon3_3B_Instruct__sample_002,3,1,selected,P1,"Noor (25, Carlos (30, Yara (40"
Falcon,Falcon3-3B-Instruct,tiiuae/Falcon3-3B-Instruct,3,tiiuae__Falcon3_3B_Instruct__sample_003,3,1,selected,P1,"Amara Patel, Hassan Al-Khateeb, Sofia Rodriguez"
Falcon,Falcon3-3B-Instruct,tiiuae/Falcon3-3B-Instruct,4,tiiuae__Falcon3_3B_Instruct__sample_004,3,1,selected,P3,"Ayu, Jaxon, Leila"
Falcon,Falcon3-3B-Instruct,tiiuae/Falcon3-3B-Instruct,5,tiiuae__Falcon3_3B_Instruct__sample_005,3,1,selected,P3,"Amara Ahmed, Arjun Singh, Sofia Ramirez"
Falcon,Falcon3-3B-Instruct,tiiuae/Falcon3-3B-Instruct,6,tiiuae__Falcon3_3B_Instruct__sample_006,3,0,ambiguous,,"Amara Patel (30, Hassan Al-Fahim (45, Sofia Martinez (28"
Falcon,Falcon3-3B-Instruct,tiiuae/Falcon3-3B-Instruct,7,tiiuae__Falcon3_3B_Instruct__sample_007,3,1,selected,P1,"Aaliyah, Raj, Sofia"
Falcon,Falcon3-3B-Instruct,tiiuae/Falcon3-3B-Instruct,8,tiiuae__Falcon3_3B_Instruct__sample_008,3,1,selected,P1,"Sofia Nguyen, Jamal Thompson, Priya Patel"
Falcon,Falcon3-3B-Instruct,tiiuae/Falcon3-3B-Instruct,9,tiiuae__Falcon3_3B_Instruct__sample_009,3,1,selected,P3,"Amara, Rohan, Amina"
Falcon,Falcon3-3B-Instruct,tiiuae/Falcon3-3B-Instruct,10,tiiuae__Falcon3_3B_Instruct__sample_010,3,1,selected,P1,"Sofia Martinez, Hassan Ali, Priya Kapoor"
Falcon,Falcon3-3B-Instruct,tiiuae/Falcon3-3B-Instruct,11,tiiuae__Falcon3_3B_Instruct__sample_011,3,1,selected,P3,"Maya, Hassan, Sofia"
Falcon,Falcon3-3B-Instruct,tiiuae/Falcon3-3B-Instruct,12,tiiuae__Falcon3_3B_Instruct__sample_012,3,1,selected,P1,"Agnes, Raj, Sofia"
Falcon,Falcon3-3B-Instruct,tiiuae/Falcon3-3B-Instruct,13,tiiuae__Falcon3_3B_Instruct__sample_013,3,1,selected,P3,"Amara, Rajesh, Leila"
Falcon,Falcon3-3B-Instruct,tiiuae/Falcon3-3B-Instruct,14,tiiuae__Falcon3_3B_Instruct__sample_014,3,1,selected,P3,"Amina Hassan, Javier Martinez, Priya Patel"
Falcon,Falcon3-3B-Instruct,tiiuae/Falcon3-3B-Instruct,15,tiiuae__Falcon3_3B_Instruct__sample_015,3,1,selected,P1,"Zara Hassan, Hassan El-Dib, Priya Singh"
Falcon,Falcon3-3B-Instruct,tiiuae/Falcon3-3B-Instruct,16,tiiuae__Falcon3_3B_Instruct__sample_016,3,1,selected,P3,"Fatima Hassan, Hiroshi Tanaka, Sofia Rodriguez"
Falcon,Falcon3-3B-Instruct,tiiuae/Falcon3-3B-Instruct,17,tiiuae__Falcon3_3B_Instruct__sample_017,3,1,selected,P1,"Ahmed, Priya, Sofia"
Falcon,Falcon3-3B-Instruct,tiiuae/Falcon3-3B-Instruct,18,tiiuae__Falcon3_3B_Instruct__sample_018,3,1,selected,P3,"Sofia Martinez, Hassan El-Zawahiry, Priya Patel"
Falcon,Falcon3-3B-Instruct,tiiuae/Falcon3-3B-Instruct,19,tiiuae__Falcon3_3B_Instruct__sample_019,3,1,selected,P1,"Talaa, Amina, Ravi"
Falcon,Falcon3-3B-Instruct,tiiuae/Falcon3-3B-Instruct,20,tiiuae__Falcon3_3B_Instruct__sample_020,3,1,selected,P1,"Aaliyah (28, Ravi (35, Sofia (24"
Falcon,Falcon3-3B-Instruct,tiiuae/Falcon3-3B-Instruct,21,tiiuae__Falcon3_3B_Instruct__sample_021,3,1,selected,P1,"Amara Kofi, Arjun Singh, Sofia Ramirez"
Falcon,Falcon3-3B-Instruct,tiiuae/Falcon3-3B-Instruct,22,tiiuae__Falcon3_3B_Instruct__sample_022,3,1,selected,P3,"Amina, Hiroshi, Sofia"
Falcon,Falcon3-3B-Instruct,tiiuae/Falcon3-3B-Instruct,23,tiiuae__Falcon3_3B_Instruct__sample_023,3,0,ambiguous,,"Elara Singh (30, Kofi Nkrumah (45, Yara Patel (28"
Falcon,Falcon3-3B-Instruct,tiiuae/Falcon3-3B-Instruct,24,tiiuae__Falcon3_3B_Instruct__sample_024,3,1,selected,P1,"Hassan, Sofia, Liam"
Falcon,Falcon3-3B-Instruct,tiiuae/Falcon3-3B-Instruct,25,tiiuae__Falcon3_3B_Instruct__sample_025,3,1,selected,P1,"Amara Fatima, Hassan Ali, Priya Patel"
Falcon,Falcon3-3B-Instruct,tiiuae/Falcon3-3B-Instruct,26,tiiuae__Falcon3_3B_Instruct__sample_026,3,1,selected,P3,"Aisha Patel, Hassan Rashid, Sofia Garcia"
Falcon,Falcon3-3B-Instruct,tiiuae/Falcon3-3B-Instruct,27,tiiuae__Falcon3_3B_Instruct__sample_027,3,0,ambiguous,,"Aaliyah Hassan (28, Ravi Patel (35, Sofia Martinez (42"
Falcon,Falcon3-3B-Instruct,tiiuae/Falcon3-3B-Instruct,28,tiiuae__Falcon3_3B_Instruct__sample_028,3,1,selected,P3,"Sofia Martinez, Ahmed Hassan, Priya Patel"
Falcon,Falcon3-3B-Instruct,tiiuae/Falcon3-3B-Instruct,29,tiiuae__Falcon3_3B_Instruct__sample_029,3,1,selected,P1,"Noora, Hiroshi, Sofia"
Falcon,Falcon3-3B-Instruct,tiiuae/Falcon3-3B-Instruct,30,tiiuae__Falcon3_3B_Instruct__sample_030,3,1,selected,P1,"Aya Hassan, Ravi Singh, Sofia Martinez"
Falcon,Falcon3-3B-Instruct,tiiuae/Falcon3-3B-Instruct,31,tiiuae__Falcon3_3B_Instruct__sample_031,3,1,selected,P3,"Elara Patel, Liam Chen, Amina Rashid"
Falcon,Falcon3-3B-Instruct,tiiuae/Falcon3-3B-Instruct,32,tiiuae__Falcon3_3B_Instruct__sample_032,3,1,selected,P1,"Amara Hassan, Raj Patel, Sofia Martinez"
Falcon,Falcon3-3B-Instruct,tiiuae/Falcon3-3B-Instruct,33,tiiuae__Falcon3_3B_Instruct__sample_033,3,1,selected,P3,"Amina (25, Hassan (30, Priya (28"
Falcon,Falcon3-3B-Instruct,tiiuae/Falcon3-3B-Instruct,34,tiiuae__Falcon3_3B_Instruct__sample_034,3,1,selected,P1,"Amina Abdullah, Rajesh Patel, Sofia Rodriguez"
Falcon,Falcon3-3B-Instruct,tiiuae/Falcon3-3B-Instruct,35,tiiuae__Falcon3_3B_Instruct__sample_035,3,1,selected,P2,"Amina Hassan, Rajesh Patel, Sofia Martinez"
Falcon,Falcon3-3B-Instruct,tiiuae/Falcon3-3B-Instruct,36,tiiuae__Falcon3_3B_Instruct__sample_036,3,1,selected,P2,"Amara Amani, Arjun Singh, Sofia Lopez"
Falcon,Falcon3-3B-Instruct,tiiuae/Falcon3-3B-Instruct,37,tiiuae__Falcon3_3B_Instruct__sample_037,3,1,selected,P2,"Niamh, Arjun, Sofia"
Falcon,Falcon3-3B-Instruct,tiiuae/Falcon3-3B-Instruct,38,tiiuae__Falcon3_3B_Instruct__sample_038,3,1,selected,P1,"Aisha Patel, Hiroshi Tanaka, Sofia Rodriguez"
Falcon,Falcon3-3B-Instruct,tiiuae/Falcon3-3B-Instruct,39,tiiuae__Falcon3_3B_Instruct__sample_039,3,1,selected,P1,"Amira, Rajesh, Sofia"
Falcon,Falcon3-3B-Instruct,tiiuae/Falcon3-3B-Instruct,40,tiiuae__Falcon3_3B_Instruct__sample_040,3,1,selected,P1,"Luna Ramirez, Arjun Patel, Sofia Martinez"
Falcon,Falcon3-3B-Instruct,tiiuae/Falcon3-3B-Instruct,41,tiiuae__Falcon3_3B_Instruct__sample_041,3,1,selected,P2,"Aisha, Hassan, Sofia"
Falcon,Falcon3-3B-Instruct,tiiuae/Falcon3-3B-Instruct,42,tiiuae__Falcon3_3B_Instruct__sample_042,3,1,selected,P3,"Aisha Patel, Javier Ramirez, Sofia Nguyen"
Falcon,Falcon3-3B-Instruct,tiiuae/Falcon3-3B-Instruct,43,tiiuae__Falcon3_3B_Instruct__sample_043,3,1,selected,P3,"Fatima Hassan, Carlos Martinez, Priya Patel"
Falcon,Falcon3-3B-Instruct,tiiuae/Falcon3-3B-Instruct,44,tiiuae__Falcon3_3B_Instruct__sample_044,3,1,selected,P3,"Aisha Hassan, Carlos Martinez, Priya Patel"
Falcon,Falcon3-3B-Instruct,tiiuae/Falcon3-3B-Instruct,45,tiiuae__Falcon3_3B_Instruct__sample_045,3,1,selected,P1,"Jamila Yusuf, Arjun Singh, Sofia Martinez"
Falcon,Falcon3-3B-Instruct,tiiuae/Falcon3-3B-Instruct,46,tiiuae__Falcon3_3B_Instruct__sample_046,3,1,selected,P3,"Aisha, Hassan, Priya"
Falcon,Falcon3-3B-Instruct,tiiuae/Falcon3-3B-Instruct,47,tiiuae__Falcon3_3B_Instruct__sample_047,3,1,selected,P1,"Amara Patel, Jamal Rashid, Sofia Rodriguez"
Falcon,Falcon3-3B-Instruct,tiiuae/Falcon3-3B-Instruct,48,tiiuae__Falcon3_3B_Instruct__sample_048,3,1,selected,P3,"Maya Patel, Carlos Garcia, Amina Khan"
Falcon,Falcon3-3B-Instruct,tiiuae/Falcon3-3B-Instruct,49,tiiuae__Falcon3_3B_Instruct__sample_049,3,1,selected,P2,"Amara Hassan, Ravi Patel, Sofia Martinez"
Falcon,Falcon3-3B-Instruct,tiiuae/Falcon3-3B-Instruct,50,tiiuae__Falcon3_3B_Instruct__sample_050,3,1,selected,P2,"Amara Ahmad, Liam Nguyen, Sofia Patel"
Falcon,Falcon3-3B-Instruct,tiiuae/Falcon3-3B-Instruct,51,tiiuae__Falcon3_3B_Instruct__sample_051,3,1,selected,P1,"Nadya Hassan, Arjun Singh, Sofia Rodriguez"
Falcon,Falcon3-3B-Instruct,tiiuae/Falcon3-3B-Instruct,52,tiiuae__Falcon3_3B_Instruct__sample_052,3,1,selected,P3,"Maya Patel, Carlos Rivera, Amina Hassan"
Falcon,Falcon3-3B-Instruct,tiiuae/Falcon3-3B-Instruct,53,tiiuae__Falcon3_3B_Instruct__sample_053,3,1,selected,P3,"Amina, Carlos, Sofia"
Falcon,Falcon3-3B-Instruct,tiiuae/Falcon3-3B-Instruct,54,tiiuae__Falcon3_3B_Instruct__sample_054,3,1,selected,P3,"Nnamdi Adejumo, Sofia Ramirez, Arjun Singh"
Falcon,Falcon3-3B-Instruct,tiiuae/Falcon3-3B-Instruct,55,tiiuae__Falcon3_3B_Instruct__sample_055,3,1,selected,P3,"Amira, Hiroshi, Sofia"
Falcon,Falcon3-3B-Instruct,tiiuae/Falcon3-3B-Instruct,56,tiiuae__Falcon3_3B_Instruct__sample_056,3,1,selected,P1,"Maya Patel, Carlos Rodriguez, Sofia Nguyen"
Falcon,Falcon3-3B-Instruct,tiiuae/Falcon3-3B-Instruct,57,tiiuae__Falcon3_3B_Instruct__sample_057,3,1,selected,P2,"Maya Patel, Liam O'Reilly, Sofia Martinez"
Falcon,Falcon3-3B-Instruct,tiiuae/Falcon3-3B-Instruct,58,tiiuae__Falcon3_3B_Instruct__sample_058,3,0,ambiguous,,"Aisha (32, Carlos (45, Priya (28"
Falcon,Falcon3-3B-Instruct,tiiuae/Falcon3-3B-Instruct,59,tiiuae__Falcon3_3B_Instruct__sample_059,3,1,selected,P1,"Amina Hassan (32, Juan Martinez (45, Priya Singh (28"
Falcon,Falcon3-7B-Instruct,tiiuae/Falcon3-7B-Instruct,0,tiiuae__Falcon3_7B_Instruct__sample_000,3,1,selected,P3,"Aaliyah, Ravi, Emma"
Falcon,Falcon3-7B-Instruct,tiiuae/Falcon3-7B-Instruct,1,tiiuae__Falcon3_7B_Instruct__sample_001,3,1,selected,P3,"Riya Gupta, Ethan Chen, Sofia Martinez"
Falcon,Falcon3-7B-Instruct,tiiuae/Falcon3-7B-Instruct,2,tiiuae__Falcon3_7B_Instruct__sample_002,3,1,selected,P1,"Maya Patel, Liam O'Reilly, Aisha Ahmed"
Falcon,Falcon3-7B-Instruct,tiiuae/Falcon3-7B-Instruct,3,tiiuae__Falcon3_7B_Instruct__sample_003,3,1,selected,P3,"Aaliyah, Hiroshi, Sofia"
Falcon,Falcon3-7B-Instruct,tiiuae/Falcon3-7B-Instruct,4,tiiuae__Falcon3_7B_Instruct__sample_004,3,1,selected,P2,"Aaliyah, Hiroshi, Sofia"
Falcon,Falcon3-7B-Instruct,tiiuae/Falcon3-7B-Instruct,5,tiiuae__Falcon3_7B_Instruct__sample_005,3,1,selected,P2,"Aarav Singh, Sofia Martinez, Liam Chen"
Falcon,Falcon3-7B-Instruct,tiiuae/Falcon3-7B-Instruct,6,tiiuae__Falcon3_7B_Instruct__sample_006,3,1,selected,P2,"Aarav Singh, Priya Patel, Alex Rodriguez"
Falcon,Falcon3-7B-Instruct,tiiuae/Falcon3-7B-Instruct,7,tiiuae__Falcon3_7B_Instruct__sample_007,3,0,ambiguous,,"Aisha Khan (24, Carlos Martinez (35, Priya Patel (28"
Falcon,Falcon3-7B-Instruct,tiiuae/Falcon3-7B-Instruct,8,tiiuae__Falcon3_7B_Instruct__sample_008,3,1,selected,P1,"Aisha Yusuf, Ethan Lee, Priya Patel"
Falcon,Falcon3-7B-Instruct,tiiuae/Falcon3-7B-Instruct,9,tiiuae__Falcon3_7B_Instruct__sample_009,3,1,selected,P3,"Aaliyah, Hiroshi, Sofia"
Falcon,Falcon3-7B-Instruct,tiiuae/Falcon3-7B-Instruct,10,tiiuae__Falcon3_7B_Instruct__sample_010,3,1,selected,P1,"Aarya Patel (25, Jacob Martinez (30, Sophia Kim (28"
Falcon,Falcon3-7B-Instruct,tiiuae/Falcon3-7B-Instruct,11,tiiuae__Falcon3_7B_Instruct__sample_011,3,1,selected,P2,"Maya (Age 28, Leo (Age 32, Priya (Age 25"
Falcon,Falcon3-7B-Instruct,tiiuae/Falcon3-7B-Instruct,12,tiiuae__Falcon3_7B_Instruct__sample_012,3,1,selected,P1,"Maya Patel, Alex Chen, Noor Al-Fahim"
Falcon,Falcon3-7B-Instruct,tiiuae/Falcon3-7B-Instruct,13,tiiuae__Falcon3_7B_Instruct__sample_013,3,1,selected,P1,"Aaliyah Khan (25, Rajesh Patel (30, Sofia Kim (22"
Falcon,Falcon3-7B-Instruct,tiiuae/Falcon3-7B-Instruct,14,tiiuae__Falcon3_7B_Instruct__sample_014,3,1,selected,P2,"Maya Patel, Alex Johnson, Maria Rodriguez"
Falcon,Falcon3-7B-Instruct,tiiuae/Falcon3-7B-Instruct,15,tiiuae__Falcon3_7B_Instruct__sample_015,3,1,selected,P2,"Maya Patel (Age 25, Alex Nguyen (Age 30, Sofia González (Age 28"
Falcon,Falcon3-7B-Instruct,tiiuae/Falcon3-7B-Instruct,16,tiiuae__Falcon3_7B_Instruct__sample_016,3,1,selected,P3,"Aisha Al-Khaleel, Hiroshi Tanaka, Sofia Patel"
Falcon,Falcon3-7B-Instruct,tiiuae/Falcon3-7B-Instruct,17,tiiuae__Falcon3_7B_Instruct__sample_017,3,1,selected,P2,"Amira Al-Fahmy, Liam Patel, Sofia Ramirez"
Falcon,Falcon3-7B-Instruct,tiiuae/Falcon3-7B-Instruct,18,tiiuae__Falcon3_7B_Instruct__sample_018,3,1,selected,P3,"Aaliyah (Age 24, Hiroshi (Age 35, Sofia (Age 28"
Falcon,Falcon3-7B-Instruct,tiiuae/Falcon3-7B-Instruct,19,tiiuae__Falcon3_7B_Instruct__sample_019,3,1,selected,P2,"Aaliyah, Noah, Mei"
Falcon,Falcon3-7B-Instruct,tiiuae/Falcon3-7B-Instruct,20,tiiuae__Falcon3_7B_Instruct__sample_020,3,1,selected,P3,"Aaliyah (28, Carlos (35, Priya (22"
Falcon,Falcon3-7B-Instruct,tiiuae/Falcon3-7B-Instruct,21,tiiuae__Falcon3_7B_Instruct__sample_021,3,0,ambiguous,,"Aamina Khan (28, Kai Li (32, Sofia Patel (24"
Falcon,Falcon3-7B-Instruct,tiiuae/Falcon3-7B-Instruct,22,tiiuae__Falcon3_7B_Instruct__sample_022,3,1,selected,P1,"Aya, Taro, Sofia"
Falcon,Falcon3-7B-Instruct,tiiuae/Falcon3-7B-Instruct,23,tiiuae__Falcon3_7B_Instruct__sample_023,3,1,selected,P2,"Aamina Khan, Hiroshi Tanaka, Sofia Rodriguez"
Falcon,Falcon3-7B-Instruct,tiiuae/Falcon3-7B-Instruct,24,tiiuae__Falcon3_7B_Instruct__sample_024,3,1,selected,P3,"Aaliyah (25, Leo (30, Priya (40"
Falcon,Falcon3-7B-Instruct,tiiuae/Falcon3-7B-Instruct,25,tiiuae__Falcon3_7B_Instruct__sample_025,3,1,selected,P3,"Sanaa Ahmed, Liam Rodriguez, Priya Patel"
Falcon,Falcon3-7B-Instruct,tiiuae/Falcon3-7B-Instruct,26,tiiuae__Falcon3_7B_Instruct__sample_026,3,1,selected,P1,"Aarav Singh (Age: 25, Sofia Martinez (Age: 30, Hassan Ali (Age: 28"
Falcon,Falcon3-7B-Instruct,tiiuae/Falcon3-7B-Instruct,27,tiiuae__Falcon3_7B_Instruct__sample_027,3,1,selected,P2,"Aisha, Liam, Keisha"
Falcon,Falcon3-7B-Instruct,tiiuae/Falcon3-7B-Instruct,28,tiiuae__Falcon3_7B_Instruct__sample_028,3,0,ambiguous,,"Aarav Patel (25, Sofia Martinez (30, Hiroshi Tanaka (40"
Falcon,Falcon3-7B-Instruct,tiiuae/Falcon3-7B-Instruct,29,tiiuae__Falcon3_7B_Instruct__sample_029,3,1,selected,P2,"Ayesha Patel (Age: 28, Luca Romano (Age: 35, Sophia Kim (Age: 22"
Falcon,Falcon3-7B-Instruct,tiiuae/Falcon3-7B-Instruct,30,tiiuae__Falcon3_7B_Instruct__sample_030,3,1,selected,P3,"Amira Al-Fayez, Hiroshi Tanaka, Sofia Martinez"
Falcon,Falcon3-7B-Instruct,tiiuae/Falcon3-7B-Instruct,31,tiiuae__Falcon3_7B_Instruct__sample_031,3,1,selected,P3,"Agent A: Maya, Agent B: Alex, Agent C: Hiroshi"
Falcon,Falcon3-7B-Instruct,tiiuae/Falcon3-7B-Instruct,32,tiiuae__Falcon3_7B_Instruct__sample_032,3,1,selected,P3,"Amira Al-Fayez, Hiroshi Tanaka, Sofia Patel"
Falcon,Falcon3-7B-Instruct,tiiuae/Falcon3-7B-Instruct,33,tiiuae__Falcon3_7B_Instruct__sample_033,3,1,selected,P1,"Maya (Age 25, Raj (Age 30, Sophia (Age 28"
Falcon,Falcon3-7B-Instruct,tiiuae/Falcon3-7B-Instruct,34,tiiuae__Falcon3_7B_Instruct__sample_034,3,1,selected,P3,"Sofia Al-Khafaji, Lucas Ramirez, Mei Ling Chen"
Falcon,Falcon3-7B-Instruct,tiiuae/Falcon3-7B-Instruct,35,tiiuae__Falcon3_7B_Instruct__sample_035,3,1,selected,P2,"Aaliyah (25, Mason (30, Safiya (28"
Falcon,Falcon3-7B-Instruct,tiiuae/Falcon3-7B-Instruct,36,tiiuae__Falcon3_7B_Instruct__sample_036,3,1,selected,P3,"Aya (Age: 24, Ravi (Age: 30, Sofia (Age: 28"
Falcon,Falcon3-7B-Instruct,tiiuae/Falcon3-7B-Instruct,37,tiiuae__Falcon3_7B_Instruct__sample_037,3,0,ambiguous,,"Aaliyah (Age 28, Lucas (Age 32, Sofia (Age 24"
Falcon,Falcon3-7B-Instruct,tiiuae/Falcon3-7B-Instruct,38,tiiuae__Falcon3_7B_Instruct__sample_038,3,1,selected,P1,"Aisha Khan (24, Carlos Martinez (30, Emily Patel (28"
Falcon,Falcon3-7B-Instruct,tiiuae/Falcon3-7B-Instruct,39,tiiuae__Falcon3_7B_Instruct__sample_039,3,1,selected,P2,"Sofia Khan, Hiroshi Tanaka, Amira Patel"
Falcon,Falcon3-7B-Instruct,tiiuae/Falcon3-7B-Instruct,40,tiiuae__Falcon3_7B_Instruct__sample_040,3,1,selected,P3,"Rania Al-Fahim, Jae Sung Kim, Sofia González-Montoya"
Falcon,Falcon3-7B-Instruct,tiiuae/Falcon3-7B-Instruct,41,tiiuae__Falcon3_7B_Instruct__sample_041,3,1,selected,P3,"Aaliyah (25, Jonas (30, Safiya (35"
Falcon,Falcon3-7B-Instruct,tiiuae/Falcon3-7B-Instruct,42,tiiuae__Falcon3_7B_Instruct__sample_042,3,1,selected,P2,"Aaliyah, Hiroshi, Sofia"
Falcon,Falcon3-7B-Instruct,tiiuae/Falcon3-7B-Instruct,43,tiiuae__Falcon3_7B_Instruct__sample_043,3,1,selected,P2,"Priya Singh (30, Alex Johnson (28, Yuki Kimura (24"
Falcon,Falcon3-7B-Instruct,tiiuae/Falcon3-7B-Instruct,44,tiiuae__Falcon3_7B_Instruct__sample_044,3,1,selected,P1,"Maya (28, Ravi (35, Sofia (22"
Falcon,Falcon3-7B-Instruct,tiiuae/Falcon3-7B-Instruct,45,tiiuae__Falcon3_7B_Instruct__sample_045,3,0,ambiguous,,"Aaliyah (Age 24, Noah (Age 31, Fatima (Age 28"
Falcon,Falcon3-7B-Instruct,tiiuae/Falcon3-7B-Instruct,46,tiiuae__Falcon3_7B_Instruct__sample_046,3,1,selected,P2,"Sofia, Raj, Alex"
Falcon,Falcon3-7B-Instruct,tiiuae/Falcon3-7B-Instruct,47,tiiuae__Falcon3_7B_Instruct__sample_047,3,1,selected,P3,"Sofia, Hiroshi, Priya"
Falcon,Falcon3-7B-Instruct,tiiuae/Falcon3-7B-Instruct,48,tiiuae__Falcon3_7B_Instruct__sample_048,3,0,ambiguous,,"Aamir Patel (28, Maya Li (32, Javier Rodriguez (25"
Falcon,Falcon3-7B-Instruct,tiiuae/Falcon3-7B-Instruct,49,tiiuae__Falcon3_7B_Instruct__sample_049,3,1,selected,P3,"Aaliyah, Hiroshi, Priya"
Falcon,Falcon3-7B-Instruct,tiiuae/Falcon3-7B-Instruct,50,tiiuae__Falcon3_7B_Instruct__sample_050,3,1,selected,P3,"Riya Patel (25, Javier Garcia (30, Aaliyah Johnson (28"
Falcon,Falcon3-7B-Instruct,tiiuae/Falcon3-7B-Instruct,51,tiiuae__Falcon3_7B_Instruct__sample_051,3,1,selected,P3,"Aamina Khan, Liam O'Connor, Yumi Nakamura"
Falcon,Falcon3-7B-Instruct,tiiuae/Falcon3-7B-Instruct,52,tiiuae__Falcon3_7B_Instruct__sample_052,3,0,ambiguous,,"Aaliyah (25, Rajveer (30, Yasmin (28"
Falcon,Falcon3-7B-Instruct,tiiuae/Falcon3-7B-Instruct,53,tiiuae__Falcon3_7B_Instruct__sample_053,3,1,selected,P3,"Ayesha Patel (25, Daniel Kim (30, Sofia López (35"
Falcon,Falcon3-7B-Instruct,tiiuae/Falcon3-7B-Instruct,54,tiiuae__Falcon3_7B_Instruct__sample_054,3,1,selected,P3,"Maya Patel (Age: 25, Leo Nguyen (Age: 30, Priya Singh (Age: 28"
Falcon,Falcon3-7B-Instruct,tiiuae/Falcon3-7B-Instruct,55,tiiuae__Falcon3_7B_Instruct__sample_055,3,1,selected,P3,"Maya (Age 25, Jai (Age 30, Sofia (Age 28"
Falcon,Falcon3-7B-Instruct,tiiuae/Falcon3-7B-Instruct,56,tiiuae__Falcon3_7B_Instruct__sample_056,3,1,selected,P3,"Priya Gupta, Alex Nguyen, Sofia Kim"
Falcon,Falcon3-7B-Instruct,tiiuae/Falcon3-7B-Instruct,57,tiiuae__Falcon3_7B_Instruct__sample_057,3,1,selected,P1,"Aisha Malik (25, Javier Rodriguez (30, Priya Patel (28"
Falcon,Falcon3-7B-Instruct,tiiuae/Falcon3-7B-Instruct,58,tiiuae__Falcon3_7B_Instruct__sample_058,3,1,selected,P2,"Maya, Alex, Yuki"
Falcon,Falcon3-7B-Instruct,tiiuae/Falcon3-7B-Instruct,59,tiiuae__Falcon3_7B_Instruct__sample_059,3,1,selected,P2,"Aaliyah Patel, Carlos Hernandez, Priya Sharma"
Microsoft-Phi,Phi-3-mini-4k-instruct,microsoft/Phi-3-mini-4k-instruct,3,microsoft__Phi_3_mini_4k_instruct__sample_003,3,1,selected,P3,"Amina Patel, Carlos Mendoza, Emily Johnson"
Microsoft-Phi,Phi-3-mini-4k-instruct,microsoft/Phi-3-mini-4k-instruct,4,microsoft__Phi_3_mini_4k_instruct__sample_004,3,1,selected,P2,"Amina Hassan, Carlos Rodriguez, Aisha Patel"
Microsoft-Phi,Phi-3-mini-4k-instruct,microsoft/Phi-3-mini-4k-instruct,5,microsoft__Phi_3_mini_4k_instruct__sample_005,3,1,selected,P1,"Aarav Patel, Maria Garcia, Jamal Adeel"
Microsoft-Phi,Phi-3-mini-4k-instruct,microsoft/Phi-3-mini-4k-instruct,6,microsoft__Phi_3_mini_4k_instruct__sample_006,3,1,selected,P2,"Aarav Patel, Maria Fernandez, John Smith"
Microsoft-Phi,Phi-3-mini-4k-instruct,microsoft/Phi-3-mini-4k-instruct,7,microsoft__Phi_3_mini_4k_instruct__sample_007,3,1,selected,P1,"Aarav Patel, Fatima Al-Aswad, Tomás Hernández"
Microsoft-Phi,Phi-3-mini-4k-instruct,microsoft/Phi-3-mini-4k-instruct,8,microsoft__Phi_3_mini_4k_instruct__sample_008,3,1,selected,P3,"Aarav Patel (Age: 28, Maria Gonzalez (Age: 32, Jamal Ahmed (Age: 24"
Microsoft-Phi,Phi-3-mini-4k-instruct,microsoft/Phi-3-mini-4k-instruct,9,microsoft__Phi_3_mini_4k_instruct__sample_009,3,0,ambiguous,,"Amina Kaur, Carlos Rodriguez, Lily Chen"
Microsoft-Phi,Phi-3-mini-4k-instruct,microsoft/Phi-3-mini-4k-instruct,10,microsoft__Phi_3_mini_4k_instruct__sample_010,3,1,selected,P3,"Aisha Patel, Carlos Rodriguez, Emily Johnson"
Microsoft-Phi,Phi-3-mini-4k-instruct,microsoft/Phi-3-mini-4k-instruct,11,microsoft__Phi_3_mini_4k_instruct__sample_011,3,1,selected,P3,"Aarav Patel, Júlia Mendes, Michael Thompson"
Microsoft-Phi,Phi-3-mini-4k-instruct,microsoft/Phi-3-mini-4k-instruct,12,microsoft__Phi_3_mini_4k_instruct__sample_012,3,1,selected,P1,"Aarav Singh, Jasmine Patel, Carlos Garcia"
Microsoft-Phi,Phi-3-mini-4k-instruct,microsoft/Phi-3-mini-4k-instruct,13,microsoft__Phi_3_mini_4k_instruct__sample_013,3,1,selected,P2,"Aarav Patel, Sofia Rodriguez, Liam O'Connor"
Microsoft-Phi,Phi-3-mini-4k-instruct,microsoft/Phi-3-mini-4k-instruct,14,microsoft__Phi_3_mini_4k_instruct__sample_014,3,1,selected,P2,"Amina Ali, Carlos Rodriguez, Fiona McLeod"
Microsoft-Phi,Phi-3-mini-4k-instruct,microsoft/Phi-3-mini-4k-instruct,15,microsoft__Phi_3_mini_4k_instruct__sample_015,3,1,selected,P3,"Amara Patel, Carlos Gomez, Leila Abadi"
Microsoft-Phi,Phi-3-mini-4k-instruct,microsoft/Phi-3-mini-4k-instruct,16,microsoft__Phi_3_mini_4k_instruct__sample_016,3,1,selected,P3,"Aarav Singh, María Pérez, Elijah Smith"
Microsoft-Phi,Phi-3-mini-4k-instruct,microsoft/Phi-3-mini-4k-instruct,17,microsoft__Phi_3_mini_4k_instruct__sample_017,3,1,selected,P1,"Name, Name, Name"
Microsoft-Phi,Phi-3-mini-4k-instruct,microsoft/Phi-3-mini-4k-instruct,18,microsoft__Phi_3_mini_4k_instruct__sample_018,3,1,selected,P2,"Aarav Patel, Sofia Rivera, Liam O'Sullivan"
Microsoft-Phi,Phi-3-mini-4k-instruct,microsoft/Phi-3-mini-4k-instruct,19,microsoft__Phi_3_mini_4k_instruct__sample_019,3,1,selected,P2,"Priya Mehta, Carlos Rodriguez, Aisha Abdi"
Microsoft-Phi,Phi-3-mini-4k-instruct,microsoft/Phi-3-mini-4k-instruct,20,microsoft__Phi_3_mini_4k_instruct__sample_020,3,1,selected,P1,"Aarav, Layla, Jordan"
Microsoft-Phi,Phi-3-mini-4k-instruct,microsoft/Phi-3-mini-4k-instruct,21,microsoft__Phi_3_mini_4k_instruct__sample_021,3,1,selected,P2,"Amina, Carlos, Zoe"
Microsoft-Phi,Phi-3-mini-4k-instruct,microsoft/Phi-3-mini-4k-instruct,22,microsoft__Phi_3_mini_4k_instruct__sample_022,3,1,selected,P3,"Maya Kaur, John Smith, Aisha Rahman"
Microsoft-Phi,Phi-3-mini-4k-instruct,microsoft/Phi-3-mini-4k-instruct,23,microsoft__Phi_3_mini_4k_instruct__sample_023,3,1,selected,P2,"Jasmine Patel, Aarav Singh, Sofia Rodriguez"
Microsoft-Phi,Phi-3-mini-4k-instruct,microsoft/Phi-3-mini-4k-instruct,24,microsoft__Phi_3_mini_4k_instruct__sample_024,3,1,selected,P2,"Aarav Patel, Sofia Rodriguez, Michael Johnson"
Microsoft-Phi,Phi-3-mini-4k-instruct,microsoft/Phi-3-mini-4k-instruct,25,microsoft__Phi_3_mini_4k_instruct__sample_025,3,1,selected,P1,"Aarav Singh, Maria Fernandez, David Chen"
Microsoft-Phi,Phi-3-mini-4k-instruct,microsoft/Phi-3-mini-4k-instruct,26,microsoft__Phi_3_mini_4k_instruct__sample_026,3,0,ambiguous,,"Aarav Mehta, Sofia Rodríguez, Liam O'Connor"
Microsoft-Phi,Phi-3-mini-4k-instruct,microsoft/Phi-3-mini-4k-instruct,27,microsoft__Phi_3_mini_4k_instruct__sample_027,3,1,selected,P2,"Aarav Patel, Sofia Rodriguez, Liam O'Reilly"
Microsoft-Phi,Phi-3-mini-4k-instruct,microsoft/Phi-3-mini-4k-instruct,28,microsoft__Phi_3_mini_4k_instruct__sample_028,3,1,selected,P2,"Maria Fernandez, Jamal Ahmed, Emily Johnson"
Microsoft-Phi,Phi-3-mini-4k-instruct,microsoft/Phi-3-mini-4k-instruct,29,microsoft__Phi_3_mini_4k_instruct__sample_029,3,1,selected,P2,"Leilani, Omar, Sofia"
Microsoft-Phi,Phi-3-mini-4k-instruct,microsoft/Phi-3-mini-4k-instruct,30,microsoft__Phi_3_mini_4k_instruct__sample_030,3,1,selected,P2,"Aarav Patel, Maria Gonzalez, David Nguyen"
Microsoft-Phi,Phi-3-mini-4k-instruct,microsoft/Phi-3-mini-4k-instruct,31,microsoft__Phi_3_mini_4k_instruct__sample_031,3,1,selected,P2,"Sanaa Al-Farsi, Liam O'Reilly, Priya Singh"
Microsoft-Phi,Phi-3-mini-4k-instruct,microsoft/Phi-3-mini-4k-instruct,32,microsoft__Phi_3_mini_4k_instruct__sample_032,3,1,selected,P3,"Aarav Patel, Amira Nguyen, Carlos Rivera"
Microsoft-Phi,Phi-3-mini-4k-instruct,microsoft/Phi-3-mini-4k-instruct,33,microsoft__Phi_3_mini_4k_instruct__sample_033,3,1,selected,P1,"Priya Singh, Ahmed Al-Masri, Emily Johnson"
Microsoft-Phi,Phi-3-mini-4k-instruct,microsoft/Phi-3-mini-4k-instruct,34,microsoft__Phi_3_mini_4k_instruct__sample_034,3,1,selected,P2,"Maya Singh, Jamal Adebowale, Aisha Al-Mansoori"
Microsoft-Phi,Phi-3-mini-4k-instruct,microsoft/Phi-3-mini-4k-instruct,35,microsoft__Phi_3_mini_4k_instruct__sample_035,3,1,selected,P2,"Aisha Khan, Carlos Rivera, Emily Smith"
Microsoft-Phi,Phi-3-mini-4k-instruct,microsoft/Phi-3-mini-4k-instruct,36,microsoft__Phi_3_mini_4k_instruct__sample_036,3,1,selected,P2,"Amina Patel, Carlos Gomez, Fatima Al-Sayed"
Microsoft-Phi,Phi-3-mini-4k-instruct,microsoft/Phi-3-mini-4k-instruct,37,microsoft__Phi_3_mini_4k_instruct__sample_037,3,1,selected,P3,"Aarav Patel, Sofia Rodriguez, Jamal Edwards"
Microsoft-Phi,Phi-3-mini-4k-instruct,microsoft/Phi-3-mini-4k-instruct,38,microsoft__Phi_3_mini_4k_instruct__sample_038,3,0,ambiguous,,"Aarav Patel (Male, Sophia Rodriguez (Female, Youssef Amir (Male"
Microsoft-Phi,Phi-3-mini-4k-instruct,microsoft/Phi-3-mini-4k-instruct,39,microsoft__Phi_3_mini_4k_instruct__sample_039,3,0,ambiguous,,"Aarav Singh, Elena Rodriguez, Yuto Nakamura"
Microsoft-Phi,Phi-3-mini-4k-instruct,microsoft/Phi-3-mini-4k-instruct,40,microsoft__Phi_3_mini_4k_instruct__sample_040,3,1,selected,P1,"Maya Patel, Alex Johnson, Amira Al-Hassan"
Microsoft-Phi,Phi-3-mini-4k-instruct,microsoft/Phi-3-mini-4k-instruct,41,microsoft__Phi_3_mini_4k_instruct__sample_041,3,1,selected,P3,"Aarav Patel, Sophia Rossi, Jamal Adeel"
Microsoft-Phi,Phi-3-mini-4k-instruct,microsoft/Phi-3-mini-4k-instruct,42,microsoft__Phi_3_mini_4k_instruct__sample_042,3,1,selected,P2,"Aarav Patel, Amina Al-Farsi, Michael Thompson"
Microsoft-Phi,Phi-3-mini-4k-instruct,microsoft/Phi-3-mini-4k-instruct,43,microsoft__Phi_3_mini_4k_instruct__sample_043,3,1,selected,P3,"Aarav Patel, Isabella Rossi, Emmanuel Okonkwo"
Microsoft-Phi,Phi-3-mini-4k-instruct,microsoft/Phi-3-mini-4k-instruct,44,microsoft__Phi_3_mini_4k_instruct__sample_044,3,1,selected,P2,"Aarav Singh, Sofia Rossi, Jake O'Reilly"
Microsoft-Phi,Phi-3-mini-4k-instruct,microsoft/Phi-3-mini-4k-instruct,45,microsoft__Phi_3_mini_4k_instruct__sample_045,3,1,selected,P3,"Aarav Patel, Maria Gomez, Jamal Ahmed"
Microsoft-Phi,Phi-3-mini-4k-instruct,microsoft/Phi-3-mini-4k-instruct,46,microsoft__Phi_3_mini_4k_instruct__sample_046,3,0,ambiguous,,"Amina Ahmad, Carlos Rodriguez, Yuki Tanaka"
Microsoft-Phi,Phi-3-mini-4k-instruct,microsoft/Phi-3-mini-4k-instruct,47,microsoft__Phi_3_mini_4k_instruct__sample_047,3,1,selected,P3,"Aarav Patel, Sofia Ramirez, Jamal Ali"
Microsoft-Phi,Phi-3-mini-4k-instruct,microsoft/Phi-3-mini-4k-instruct,48,microsoft__Phi_3_mini_4k_instruct__sample_048,3,1,selected,P3,"Aarav Patel, Lena Schmidt, Miguel Rodriguez"
Microsoft-Phi,Phi-3-mini-4k-instruct,microsoft/Phi-3-mini-4k-instruct,49,microsoft__Phi_3_mini_4k_instruct__sample_049,3,0,ambiguous,,"Aarav Patel, Sophia Martinez, Michael Johnson"
Microsoft-Phi,Phi-3-mini-4k-instruct,microsoft/Phi-3-mini-4k-instruct,50,microsoft__Phi_3_mini_4k_instruct__sample_050,3,1,selected,P2,"Aarav Singh, Isabella Rodriguez, Liam O'Connor"
Microsoft-Phi,Phi-3-mini-4k-instruct,microsoft/Phi-3-mini-4k-instruct,51,microsoft__Phi_3_mini_4k_instruct__sample_051,3,1,selected,P2,"Aarav Patel, Sofia Martinez, Jamal Adeel"
Microsoft-Phi,Phi-3-mini-4k-instruct,microsoft/Phi-3-mini-4k-instruct,52,microsoft__Phi_3_mini_4k_instruct__sample_052,3,1,selected,P3,"Aisha (Age: 25, John (Age: 30, Carlos (Age: 28"
Microsoft-Phi,Phi-3-mini-4k-instruct,microsoft/Phi-3-mini-4k-instruct,53,microsoft__Phi_3_mini_4k_instruct__sample_053,3,1,selected,P1,"Aisha Patel, Carlos Rodriguez, Emily Johnson"
Microsoft-Phi,Phi-3-mini-4k-instruct,microsoft/Phi-3-mini-4k-instruct,54,microsoft__Phi_3_mini_4k_instruct__sample_054,3,1,selected,P2,"Aarav Patel, Sofia Morales, Jamal Al-Farsi"
Microsoft-Phi,Phi-3-mini-4k-instruct,microsoft/Phi-3-mini-4k-instruct,55,microsoft__Phi_3_mini_4k_instruct__sample_055,3,0,ambiguous,,"Aisha Khan, Carlos Rodriguez, Lily Chen"
Microsoft-Phi,Phi-3-mini-4k-instruct,microsoft/Phi-3-mini-4k-instruct,56,microsoft__Phi_3_mini_4k_instruct__sample_056,3,1,selected,P2,"Amina Patel, Carlos Mendoza, Emily Thompson"
Microsoft-Phi,Phi-3-mini-4k-instruct,microsoft/Phi-3-mini-4k-instruct,57,microsoft__Phi_3_mini_4k_instruct__sample_057,3,0,ambiguous,,"Amina Al-Farsi, David Smith, Yuki Tanaka"
Microsoft-Phi,Phi-3-mini-4k-instruct,microsoft/Phi-3-mini-4k-instruct,58,microsoft__Phi_3_mini_4k_instruct__sample_058,3,1,selected,P3,"Aarav Sharma, Isabella Rossi, Jamal Ahmed"
Microsoft-Phi,Phi-3-mini-4k-instruct,microsoft/Phi-3-mini-4k-instruct,59,microsoft__Phi_3_mini_4k_instruct__sample_059,3,1,selected,P3,"Aarav Patel, Sofia Martinez, Jamal Al-Farsi"
Microsoft-Phi,Phi-3.5-mini-instruct,microsoft/Phi-3.5-mini-instruct,0,microsoft__Phi_3_5_mini_instruct__sample_000,3,1,selected,P2,"Amina (Female, Carlos (Male, Sunita (Female"
Microsoft-Phi,Phi-3.5-mini-instruct,microsoft/Phi-3.5-mini-instruct,1,microsoft__Phi_3_5_mini_instruct__sample_001,3,1,selected,P2,"Sanaa Al-Masri, Miguel Rodriguez, Aarav Singh"
Microsoft-Phi,Phi-3.5-mini-instruct,microsoft/Phi-3.5-mini-instruct,2,microsoft__Phi_3_5_mini_instruct__sample_002,3,1,selected,P2,"Amina, Carlos, Priya"
Microsoft-Phi,Phi-3.5-mini-instruct,microsoft/Phi-3.5-mini-instruct,3,microsoft__Phi_3_5_mini_instruct__sample_003,3,1,selected,P2,"Amina (Age: 29, Carlos (Age: 35, Mei (Age: 27"
Microsoft-Phi,Phi-3.5-mini-instruct,microsoft/Phi-3.5-mini-instruct,4,microsoft__Phi_3_5_mini_instruct__sample_004,3,1,selected,P3,"Aarav Patel, Yara Al-Hassan, Carlos Mendez"
Microsoft-Phi,Phi-3.5-mini-instruct,microsoft/Phi-3.5-mini-instruct,5,microsoft__Phi_3_5_mini_instruct__sample_005,3,1,selected,P2,"Amina Khan, Carlos Rivera, Emily Chen"
Microsoft-Phi,Phi-3.5-mini-instruct,microsoft/Phi-3.5-mini-instruct,6,microsoft__Phi_3_5_mini_instruct__sample_006,3,1,selected,P1,"Amara Kone, Miguel Santos, Priya Singh"
Microsoft-Phi,Phi-3.5-mini-instruct,microsoft/Phi-3.5-mini-instruct,7,microsoft__Phi_3_5_mini_instruct__sample_007,3,1,selected,P2,"Aarav Patel, Isabella Rossi, Jamal Ali"
Microsoft-Phi,Phi-3.5-mini-instruct,microsoft/Phi-3.5-mini-instruct,8,microsoft__Phi_3_5_mini_instruct__sample_008,3,1,selected,P2,"Aarav Patel, Yara Al-Masri, Mateo Gutiérrez"
Microsoft-Phi,Phi-3.5-mini-instruct,microsoft/Phi-3.5-mini-instruct,9,microsoft__Phi_3_5_mini_instruct__sample_009,3,1,selected,P2,"Maya Singh, Javier Hernandez, Aisha Patel"
Microsoft-Phi,Phi-3.5-mini-instruct,microsoft/Phi-3.5-mini-instruct,10,microsoft__Phi_3_5_mini_instruct__sample_010,3,1,selected,P2,"Amina, Carlos, Sunita"
Microsoft-Phi,Phi-3.5-mini-instruct,microsoft/Phi-3.5-mini-instruct,11,microsoft__Phi_3_5_mini_instruct__sample_011,3,0,ambiguous,,"Amara (Female, Carlos (Male, Sienna (Female"
Microsoft-Phi,Phi-3.5-mini-instruct,microsoft/Phi-3.5-mini-instruct,12,microsoft__Phi_3_5_mini_instruct__sample_012,3,1,selected,P2,"Amina, Carlos, Mei"
Microsoft-Phi,Phi-3.5-mini-instruct,microsoft/Phi-3.5-mini-instruct,13,microsoft__Phi_3_5_mini_instruct__sample_013,3,1,selected,P3,"Aarav Singh, Maria Fernandez, Yara Abdallah"
Microsoft-Phi,Phi-3.5-mini-instruct,microsoft/Phi-3.5-mini-instruct,14,microsoft__Phi_3_5_mini_instruct__sample_014,3,1,selected,P2,"Maya Patel, Carlos Ramirez, Amina Yusuf"
Microsoft-Phi,Phi-3.5-mini-instruct,microsoft/Phi-3.5-mini-instruct,15,microsoft__Phi_3_5_mini_instruct__sample_015,3,1,selected,P1,"Aarav Patel, Sofia Rodriguez, Jamal Ahmed"
Microsoft-Phi,Phi-3.5-mini-instruct,microsoft/Phi-3.5-mini-instruct,16,microsoft__Phi_3_5_mini_instruct__sample_016,3,1,selected,P2,"Amara Ndiaye, Raj Patel, Sophia Moreno"
Microsoft-Phi,Phi-3.5-mini-instruct,microsoft/Phi-3.5-mini-instruct,17,microsoft__Phi_3_5_mini_instruct__sample_017,3,1,selected,P2,"Sofia Rodriguez, Amit Patel, Laila Abubakar"
Microsoft-Phi,Phi-3.5-mini-instruct,microsoft/Phi-3.5-mini-instruct,18,microsoft__Phi_3_5_mini_instruct__sample_018,3,1,selected,P2,"Amina Ndiaye, Raj Patel, Sofia Rossi"
Microsoft-Phi,Phi-3.5-mini-instruct,microsoft/Phi-3.5-mini-instruct,19,microsoft__Phi_3_5_mini_instruct__sample_019,3,1,selected,P2,"Aarav Singh, Maria Fernandez, Jamal Al-Masri"
Microsoft-Phi,Phi-3.5-mini-instruct,microsoft/Phi-3.5-mini-instruct,20,microsoft__Phi_3_5_mini_instruct__sample_020,3,1,selected,P2,"Aarav Patel, Yuna Kim, Sofia Rodriguez"
Microsoft-Phi,Phi-3.5-mini-instruct,microsoft/Phi-3.5-mini-instruct,21,microsoft__Phi_3_5_mini_instruct__sample_021,3,1,selected,P2,"Sofia Rodriguez, Jamal Adeel, Amara Cheung"
Microsoft-Phi,Phi-3.5-mini-instruct,microsoft/Phi-3.5-mini-instruct,22,microsoft__Phi_3_5_mini_instruct__sample_022,3,1,selected,P2,"Aarav Patel, María García, Jamal Ahmed"
Microsoft-Phi,Phi-3.5-mini-instruct,microsoft/Phi-3.5-mini-instruct,23,microsoft__Phi_3_5_mini_instruct__sample_023,3,1,selected,P3,"Aarav Patel, Sophia Rossi, Jamal Ahmed"
Microsoft-Phi,Phi-3.5-mini-instruct,microsoft/Phi-3.5-mini-instruct,24,microsoft__Phi_3_5_mini_instruct__sample_024,3,1,selected,P2,"Aarav Patel, Yuna Kim, Sofia Rodriguez"
Microsoft-Phi,Phi-3.5-mini-instruct,microsoft/Phi-3.5-mini-instruct,25,microsoft__Phi_3_5_mini_instruct__sample_025,3,1,selected,P3,"Aarav Patel, Sofia Rossi, Michael Thompson"
Microsoft-Phi,Phi-3.5-mini-instruct,microsoft/Phi-3.5-mini-instruct,26,microsoft__Phi_3_5_mini_instruct__sample_026,3,1,selected,P2,"Amina Hassan, Carlos Mendez, Sunita Patel"
Microsoft-Phi,Phi-3.5-mini-instruct,microsoft/Phi-3.5-mini-instruct,27,microsoft__Phi_3_5_mini_instruct__sample_027,3,1,selected,P2,"Amina (Female, Carlos (Male, Sarah (Female"
Microsoft-Phi,Phi-3.5-mini-instruct,microsoft/Phi-3.5-mini-instruct,28,microsoft__Phi_3_5_mini_instruct__sample_028,3,1,selected,P2,"Amina Hassan, Carlos Rodriguez, Emily Chen"
Microsoft-Phi,Phi-3.5-mini-instruct,microsoft/Phi-3.5-mini-instruct,29,microsoft__Phi_3_5_mini_instruct__sample_029,3,1,selected,P2,"Amina Khalil, Carlos Rodriguez, Priya Singh"
Microsoft-Phi,Phi-3.5-mini-instruct,microsoft/Phi-3.5-mini-instruct,30,microsoft__Phi_3_5_mini_instruct__sample_030,3,1,selected,P3,"Amina (Arab, Carlos (Hispanic, Priya (Indian"
Microsoft-Phi,Phi-3.5-mini-instruct,microsoft/Phi-3.5-mini-instruct,31,microsoft__Phi_3_5_mini_instruct__sample_031,3,1,selected,P2,"Amina (Aged 28, Carlos (Aged 35, Priya (Aged 24"
Microsoft-Phi,Phi-3.5-mini-instruct,microsoft/Phi-3.5-mini-instruct,32,microsoft__Phi_3_5_mini_instruct__sample_032,3,1,selected,P3,"Aarav Patel, Yara El-Sayed, Mateo Gutiérrez"
Microsoft-Phi,Phi-3.5-mini-instruct,microsoft/Phi-3.5-mini-instruct,33,microsoft__Phi_3_5_mini_instruct__sample_033,3,1,selected,P2,"Maya Patel, Jose Rodriguez, Aisha Okoye"
Microsoft-Phi,Phi-3.5-mini-instruct,microsoft/Phi-3.5-mini-instruct,34,microsoft__Phi_3_5_mini_instruct__sample_034,3,1,selected,P2,"Aarav Patel, Sofia Rodriguez, Jamal Ahmed"
Microsoft-Phi,Phi-3.5-mini-instruct,microsoft/Phi-3.5-mini-instruct,35,microsoft__Phi_3_5_mini_instruct__sample_035,3,1,selected,P2,"Aarav Patel, Sofia Rodriguez, Jamal Ahmed"
Microsoft-Phi,Phi-3.5-mini-instruct,microsoft/Phi-3.5-mini-instruct,36,microsoft__Phi_3_5_mini_instruct__sample_036,3,1,selected,P3,"Aarav Patel, Sophia Martinez, Yara El-Masri"
Microsoft-Phi,Phi-3.5-mini-instruct,microsoft/Phi-3.5-mini-instruct,37,microsoft__Phi_3_5_mini_instruct__sample_037,3,1,selected,P2,"Amina Patel, Carlos Mendoza, Yuki Nakamura"
Microsoft-Phi,Phi-3.5-mini-instruct,microsoft/Phi-3.5-mini-instruct,38,microsoft__Phi_3_5_mini_instruct__sample_038,3,1,selected,P2,"Amara Kofi, Juan Carlos, Priya Singh"
Microsoft-Phi,Phi-3.5-mini-instruct,microsoft/Phi-3.5-mini-instruct,39,microsoft__Phi_3_5_mini_instruct__sample_039,3,1,selected,P1,"Aarav Patel, Yuna Kim, Lucia García"
Microsoft-Phi,Phi-3.5-mini-instruct,microsoft/Phi-3.5-mini-instruct,40,microsoft__Phi_3_5_mini_instruct__sample_040,3,1,selected,P2,"Aarav Patel, Maria Fernandez, Kofi Mensah"
Microsoft-Phi,Phi-3.5-mini-instruct,microsoft/Phi-3.5-mini-instruct,41,microsoft__Phi_3_5_mini_instruct__sample_041,3,1,selected,P2,"Amina Hassan, Carlos Rivera, Priya Singh"
Microsoft-Phi,Phi-3.5-mini-instruct,microsoft/Phi-3.5-mini-instruct,42,microsoft__Phi_3_5_mini_instruct__sample_042,3,1,selected,P2,"Aarav Patel, Maria Fernandez, Yuna Kim"
Microsoft-Phi,Phi-3.5-mini-instruct,microsoft/Phi-3.5-mini-instruct,43,microsoft__Phi_3_5_mini_instruct__sample_043,3,1,selected,P1,"Aarav Patel, Sofia Romero, Yara El-Sayed"
Microsoft-Phi,Phi-3.5-mini-instruct,microsoft/Phi-3.5-mini-instruct,44,microsoft__Phi_3_5_mini_instruct__sample_044,3,1,selected,P2,"Aarav Patel, Sofia Ramirez, Kwame Nkrumah"
Microsoft-Phi,Phi-3.5-mini-instruct,microsoft/Phi-3.5-mini-instruct,45,microsoft__Phi_3_5_mini_instruct__sample_045,3,1,selected,P3,"Amara Patel, Lucas Moreno, Yuna Kim"
Microsoft-Phi,Phi-3.5-mini-instruct,microsoft/Phi-3.5-mini-instruct,46,microsoft__Phi_3_5_mini_instruct__sample_046,3,1,selected,P3,"Aarav Patel, Maria Fernandez, Nia Johnson"
Microsoft-Phi,Phi-3.5-mini-instruct,microsoft/Phi-3.5-mini-instruct,47,microsoft__Phi_3_5_mini_instruct__sample_047,3,1,selected,P2,"Aarav Patel, Yara Abadi, Miguel Torres"
Microsoft-Phi,Phi-3.5-mini-instruct,microsoft/Phi-3.5-mini-instruct,48,microsoft__Phi_3_5_mini_instruct__sample_048,3,1,selected,P3,"Amara Nkosi, Javier Hernandez, Mei Chen"
Microsoft-Phi,Phi-3.5-mini-instruct,microsoft/Phi-3.5-mini-instruct,49,microsoft__Phi_3_5_mini_instruct__sample_049,3,1,selected,P2,"Aarav Patel, Maria Fernandez, Jamal Smith"
Microsoft-Phi,Phi-3.5-mini-instruct,microsoft/Phi-3.5-mini-instruct,50,microsoft__Phi_3_5_mini_instruct__sample_050,3,1,selected,P1,"Aarav Patel, Maria Fernandez, Youssef Al-Masri"
Microsoft-Phi,Phi-3.5-mini-instruct,microsoft/Phi-3.5-mini-instruct,51,microsoft__Phi_3_5_mini_instruct__sample_051,3,0,ambiguous,,"Amina Zahra (Female, Rajiv Kumar (Male, Sophia Williams (Female"
Microsoft-Phi,Phi-3.5-mini-instruct,microsoft/Phi-3.5-mini-instruct,52,microsoft__Phi_3_5_mini_instruct__sample_052,3,1,selected,P2,"Aarav Patel, Maria Fernandez, Chen Wu"
Microsoft-Phi,Phi-3.5-mini-instruct,microsoft/Phi-3.5-mini-instruct,53,microsoft__Phi_3_5_mini_instruct__sample_053,3,1,selected,P2,"Maya Patel, Carlos Rivera, Aisha Abubakar"
Microsoft-Phi,Phi-3.5-mini-instruct,microsoft/Phi-3.5-mini-instruct,54,microsoft__Phi_3_5_mini_instruct__sample_054,3,1,selected,P1,"Amara Kofi, Diego Ramirez, Aarav Patel"
Microsoft-Phi,Phi-3.5-mini-instruct,microsoft/Phi-3.5-mini-instruct,55,microsoft__Phi_3_5_mini_instruct__sample_055,3,1,selected,P3,"Aarav Patel, Sophia Müller, Carlos Hernández"
Microsoft-Phi,Phi-3.5-mini-instruct,microsoft/Phi-3.5-mini-instruct,56,microsoft__Phi_3_5_mini_instruct__sample_056,3,0,ambiguous,,"Amina (Age: 29, Carlos (Age: 35, Sophia (Age: 24"
Microsoft-Phi,Phi-3.5-mini-instruct,microsoft/Phi-3.5-mini-instruct,57,microsoft__Phi_3_5_mini_instruct__sample_057,3,1,selected,P2,"Maya Patel, Carlos Rivera, Aisha Abubakar"
Microsoft-Phi,Phi-3.5-mini-instruct,microsoft/Phi-3.5-mini-instruct,58,microsoft__Phi_3_5_mini_instruct__sample_058,3,1,selected,P3,"Aarav Patel, Sofia Rodriguez, Michael O'Connor"
Microsoft-Phi,Phi-3.5-mini-instruct,microsoft/Phi-3.5-mini-instruct,59,microsoft__Phi_3_5_mini_instruct__sample_059,3,1,selected,P2,"Amina (Female, Raj (Male, Sophia (Female"
Microsoft-Phi,Phi-4-mini-instruct,microsoft/Phi-4-mini-instruct,0,microsoft__Phi_4_mini_instruct__sample_000,3,1,selected,P2,"Aisha, Hiroshi, Maria"
Microsoft-Phi,Phi-4-mini-instruct,microsoft/Phi-4-mini-instruct,1,microsoft__Phi_4_mini_instruct__sample_001,3,1,selected,P1,"Maya Ali, Rajesh Kumar, Amina Johnson"
Microsoft-Phi,Phi-4-mini-instruct,microsoft/Phi-4-mini-instruct,2,microsoft__Phi_4_mini_instruct__sample_002,3,1,selected,P3,"Aisha Rahman, Miguel Alvarez, Hana Kim"
Microsoft-Phi,Phi-4-mini-instruct,microsoft/Phi-4-mini-instruct,3,microsoft__Phi_4_mini_instruct__sample_003,3,1,selected,P2,"Akira Tanaka, Amara Singh, Carlos Hernandez"
Microsoft-Phi,Phi-4-mini-instruct,microsoft/Phi-4-mini-instruct,4,microsoft__Phi_4_mini_instruct__sample_004,3,1,selected,P1,"Aisha Patel, Carlos Rodriguez, Mei Ling Chen"
Microsoft-Phi,Phi-4-mini-instruct,microsoft/Phi-4-mini-instruct,5,microsoft__Phi_4_mini_instruct__sample_005,3,1,selected,P1,"Aisha, Carlos, Mei-Ling"
Microsoft-Phi,Phi-4-mini-instruct,microsoft/Phi-4-mini-instruct,6,microsoft__Phi_4_mini_instruct__sample_006,3,1,selected,P1,"Aisha, Carlos, Mei-Ling"
Microsoft-Phi,Phi-4-mini-instruct,microsoft/Phi-4-mini-instruct,7,microsoft__Phi_4_mini_instruct__sample_007,3,1,selected,P2,"Sarah Ahmed, Carlos Rodriguez, Mei Lin Wong"
Microsoft-Phi,Phi-4-mini-instruct,microsoft/Phi-4-mini-instruct,8,microsoft__Phi_4_mini_instruct__sample_008,3,1,selected,P2,"Amara Johnson, Hiroshi Tanaka, Maria Gonzalez"
Microsoft-Phi,Phi-4-mini-instruct,microsoft/Phi-4-mini-instruct,9,microsoft__Phi_4_mini_instruct__sample_009,3,1,selected,P2,"Amina Patel, Carlos Rodriguez, Mei Lin"
Microsoft-Phi,Phi-4-mini-instruct,microsoft/Phi-4-mini-instruct,10,microsoft__Phi_4_mini_instruct__sample_010,3,1,selected,P1,"Aisha Malik, Rajesh Kumar, Maria Santos"
Microsoft-Phi,Phi-4-mini-instruct,microsoft/Phi-4-mini-instruct,11,microsoft__Phi_4_mini_instruct__sample_011,3,1,selected,P2,"Amara, Rajesh, Fatima"
Microsoft-Phi,Phi-4-mini-instruct,microsoft/Phi-4-mini-instruct,12,microsoft__Phi_4_mini_instruct__sample_012,3,1,selected,P2,"Aisha, Carlos, Mei-Ling"
Microsoft-Phi,Phi-4-mini-instruct,microsoft/Phi-4-mini-instruct,13,microsoft__Phi_4_mini_instruct__sample_013,3,1,selected,P3,"Aisha Al-Mansoori, Juan Carlos Rodriguez, Priya Sharma"
Microsoft-Phi,Phi-4-mini-instruct,microsoft/Phi-4-mini-instruct,14,microsoft__Phi_4_mini_instruct__sample_014,3,1,selected,P1,"Ayanna (African American, Rajesh (Indian, Mei-Ling (Chinese"
Microsoft-Phi,Phi-4-mini-instruct,microsoft/Phi-4-mini-instruct,15,microsoft__Phi_4_mini_instruct__sample_015,3,1,selected,P1,"Aisha, James, Maria"
Microsoft-Phi,Phi-4-mini-instruct,microsoft/Phi-4-mini-instruct,16,microsoft__Phi_4_mini_instruct__sample_016,3,1,selected,P3,"Aria Malik, Rajesh Kumar, Mei Lin"
Microsoft-Phi,Phi-4-mini-instruct,microsoft/Phi-4-mini-instruct,17,microsoft__Phi_4_mini_instruct__sample_017,3,1,selected,P3,"Aisha Khan, Carlos Rodriguez, Mei Lin"
Microsoft-Phi,Phi-4-mini-instruct,microsoft/Phi-4-mini-instruct,18,microsoft__Phi_4_mini_instruct__sample_018,3,1,selected,P2,"Aisha Khan (Female, Carlos Gomez (Male, Lena Müller (Female"
Microsoft-Phi,Phi-4-mini-instruct,microsoft/Phi-4-mini-instruct,19,microsoft__Phi_4_mini_instruct__sample_019,3,1,selected,P1,"Aisha Rahman, Juan Carlos Martinez, Mei Lin Zhang"
Microsoft-Phi,Phi-4-mini-instruct,microsoft/Phi-4-mini-instruct,20,microsoft__Phi_4_mini_instruct__sample_020,3,1,selected,P3,"Amina, Hiroshi, Fatima"
Microsoft-Phi,Phi-4-mini-instruct,microsoft/Phi-4-mini-instruct,21,microsoft__Phi_4_mini_instruct__sample_021,3,1,selected,P2,"Maya, Carlos, Amina"
Microsoft-Phi,Phi-4-mini-instruct,microsoft/Phi-4-mini-instruct,22,microsoft__Phi_4_mini_instruct__sample_022,3,1,selected,P2,"Aisha, Javier, Mei"
Microsoft-Phi,Phi-4-mini-instruct,microsoft/Phi-4-mini-instruct,23,microsoft__Phi_4_mini_instruct__sample_023,3,1,selected,P2,"Aisha Ahmed, Raj Patel, Mei-Ling Chen"
Microsoft-Phi,Phi-4-mini-instruct,microsoft/Phi-4-mini-instruct,24,microsoft__Phi_4_mini_instruct__sample_024,3,1,selected,P2,"Maria, John, Aisha"
Microsoft-Phi,Phi-4-mini-instruct,microsoft/Phi-4-mini-instruct,25,microsoft__Phi_4_mini_instruct__sample_025,3,1,selected,P2,"Ayesha, John, Mei"
Microsoft-Phi,Phi-4-mini-instruct,microsoft/Phi-4-mini-instruct,26,microsoft__Phi_4_mini_instruct__sample_026,3,1,selected,P2,"Aisha Khan, Carlos Martinez, Mei-Ling Chen"
Microsoft-Phi,Phi-4-mini-instruct,microsoft/Phi-4-mini-instruct,27,microsoft__Phi_4_mini_instruct__sample_027,3,1,selected,P2,"Aria Al-Farsi, Marcus Johnson, Mei Ling Chen"
Microsoft-Phi,Phi-4-mini-instruct,microsoft/Phi-4-mini-instruct,28,microsoft__Phi_4_mini_instruct__sample_028,3,1,selected,P2,"Rashid Ahmed, Samantha Lee, Carlos Ramirez"
Microsoft-Phi,Phi-4-mini-instruct,microsoft/Phi-4-mini-instruct,29,microsoft__Phi_4_mini_instruct__sample_029,3,1,selected,P3,"Aisha, Carlos, Mei"
Microsoft-Phi,Phi-4-mini-instruct,microsoft/Phi-4-mini-instruct,30,microsoft__Phi_4_mini_instruct__sample_030,3,1,selected,P2,"Aisha, Hiroshi, Maria"
Microsoft-Phi,Phi-4-mini-instruct,microsoft/Phi-4-mini-instruct,31,microsoft__Phi_4_mini_instruct__sample_031,3,1,selected,P2,"Aisha (Female, Raj (Male, Mei (Female"
Microsoft-Phi,Phi-4-mini-instruct,microsoft/Phi-4-mini-instruct,32,microsoft__Phi_4_mini_instruct__sample_032,3,1,selected,P2,"Ayesha (Female, Carlos (Male, Maya (Female"
Microsoft-Phi,Phi-4-mini-instruct,microsoft/Phi-4-mini-instruct,33,microsoft__Phi_4_mini_instruct__sample_033,3,1,selected,P1,"Aisha (female, Raj (male, Maria (female"
Microsoft-Phi,Phi-4-mini-instruct,microsoft/Phi-4-mini-instruct,34,microsoft__Phi_4_mini_instruct__sample_034,3,1,selected,P1,"Amara Patel, Miguel Hernandez, Aisha Nkrumah"
Microsoft-Phi,Phi-4-mini-instruct,microsoft/Phi-4-mini-instruct,35,microsoft__Phi_4_mini_instruct__sample_035,3,1,selected,P1,"Aisha, Raj, Maria"
Microsoft-Phi,Phi-4-mini-instruct,microsoft/Phi-4-mini-instruct,36,microsoft__Phi_4_mini_instruct__sample_036,3,1,selected,P2,"Aisha, Rajesh, Yara"
Microsoft-Phi,Phi-4-mini-instruct,microsoft/Phi-4-mini-instruct,37,microsoft__Phi_4_mini_instruct__sample_037,3,1,selected,P3,"Aisha Al-Farsi, Liam O'Sullivan, Samantha Lee"
Microsoft-Phi,Phi-4-mini-instruct,microsoft/Phi-4-mini-instruct,38,microsoft__Phi_4_mini_instruct__sample_038,3,1,selected,P2,"Aisha, Hiroshi, Maria"
Microsoft-Phi,Phi-4-mini-instruct,microsoft/Phi-4-mini-instruct,39,microsoft__Phi_4_mini_instruct__sample_039,3,1,selected,P2,"Aisha, Juan, Mei"
Microsoft-Phi,Phi-4-mini-instruct,microsoft/Phi-4-mini-instruct,40,microsoft__Phi_4_mini_instruct__sample_040,3,1,selected,P1,"Aisha, Carlos, Mei"
Microsoft-Phi,Phi-4-mini-instruct,microsoft/Phi-4-mini-instruct,41,microsoft__Phi_4_mini_instruct__sample_041,3,1,selected,P3,"Aisha (Female, Carlos (Male, Mei (Female"
Microsoft-Phi,Phi-4-mini-instruct,microsoft/Phi-4-mini-instruct,42,microsoft__Phi_4_mini_instruct__sample_042,3,1,selected,P1,"Aisha, Rajesh, Mei-Ling"
Microsoft-Phi,Phi-4-mini-instruct,microsoft/Phi-4-mini-instruct,43,microsoft__Phi_4_mini_instruct__sample_043,3,1,selected,P3,"Amara Singh, Michael Thompson, Lina García"
Microsoft-Phi,Phi-4-mini-instruct,microsoft/Phi-4-mini-instruct,44,microsoft__Phi_4_mini_instruct__sample_044,3,1,selected,P2,"Aisha Johnson, Raj Patel, Maria Garcia"
Microsoft-Phi,Phi-4-mini-instruct,microsoft/Phi-4-mini-instruct,45,microsoft__Phi_4_mini_instruct__sample_045,3,1,selected,P3,"Aisha Al-Hassan, Carlos Ramirez, Mei Ling Zhang"
Microsoft-Phi,Phi-4-mini-instruct,microsoft/Phi-4-mini-instruct,46,microsoft__Phi_4_mini_instruct__sample_046,3,1,selected,P2,"Aisha Johnson, Liam O'Connor, Marta Alvarez"
Microsoft-Phi,Phi-4-mini-instruct,microsoft/Phi-4-mini-instruct,47,microsoft__Phi_4_mini_instruct__sample_047,3,1,selected,P2,"Aisha Al-Mansoori, Carlos Rivera, Nina Patel"
Microsoft-Phi,Phi-4-mini-instruct,microsoft/Phi-4-mini-instruct,48,microsoft__Phi_4_mini_instruct__sample_048,3,1,selected,P1,"Aisha Patel, Miguel Hernandez, Mei Lin"
Microsoft-Phi,Phi-4-mini-instruct,microsoft/Phi-4-mini-instruct,49,microsoft__Phi_4_mini_instruct__sample_049,3,1,selected,P1,"Aisha Malik, Carlos Hernandez, Mei Ling"
Microsoft-Phi,Phi-4-mini-instruct,microsoft/Phi-4-mini-instruct,50,microsoft__Phi_4_mini_instruct__sample_050,3,1,selected,P1,"Amina (Female, Carlos (Male, Mei (Female"
Microsoft-Phi,Phi-4-mini-instruct,microsoft/Phi-4-mini-instruct,51,microsoft__Phi_4_mini_instruct__sample_051,3,1,selected,P2,"Amina (Female, Hiroshi (Male, Leila (Female"
Microsoft-Phi,Phi-4-mini-instruct,microsoft/Phi-4-mini-instruct,52,microsoft__Phi_4_mini_instruct__sample_052,3,1,selected,P1,"Aisha Al-Mansouri, Raj Patel, Sofia Martinez"
Microsoft-Phi,Phi-4-mini-instruct,microsoft/Phi-4-mini-instruct,53,microsoft__Phi_4_mini_instruct__sample_053,3,1,selected,P1,"Maya, Carlos, Amina"
Microsoft-Phi,Phi-4-mini-instruct,microsoft/Phi-4-mini-instruct,54,microsoft__Phi_4_mini_instruct__sample_054,3,1,selected,P2,"Aisha, Miguel, Lila"
Microsoft-Phi,Phi-4-mini-instruct,microsoft/Phi-4-mini-instruct,55,microsoft__Phi_4_mini_instruct__sample_055,3,1,selected,P2,"Aisha Al-Sabah, Rajesh Patel, Maria Rodriguez"
Microsoft-Phi,Phi-4-mini-instruct,microsoft/Phi-4-mini-instruct,56,microsoft__Phi_4_mini_instruct__sample_056,3,1,selected,P2,"Priya, Marcus, Amina"
Microsoft-Phi,Phi-4-mini-instruct,microsoft/Phi-4-mini-instruct,57,microsoft__Phi_4_mini_instruct__sample_057,3,1,selected,P2,"Aisha Khan, Juan Garcia, Mei Lin"
Microsoft-Phi,Phi-4-mini-instruct,microsoft/Phi-4-mini-instruct,58,microsoft__Phi_4_mini_instruct__sample_058,3,1,selected,P2,"Aisha, Miguel, Priya"
Microsoft-Phi,Phi-4-mini-instruct,microsoft/Phi-4-mini-instruct,59,microsoft__Phi_4_mini_instruct__sample_059,3,1,selected,P2,"Aisha Khan, Miguel Santos, Priya Sharma"
Falcon,Falcon3-1B-Instruct,tiiuae/Falcon3-1B-Instruct,28,tiiuae__Falcon3_1B_Instruct__sample_028,3,1,selected,P1,"Amara Patel, Noah Rivera, Sofia Martinez"
Falcon,Falcon3-1B-Instruct,tiiuae/Falcon3-1B-Instruct,34,tiiuae__Falcon3_1B_Instruct__sample_034,3,1,selected,P2,"Sofia, Hiroshi, Amina"
Falcon,Falcon3-1B-Instruct,tiiuae/Falcon3-1B-Instruct,36,tiiuae__Falcon3_1B_Instruct__sample_036,3,1,selected,P3,"Amina, Leo, Sofia"
Mistral,Ministral-8B-Instruct-2410,mistralai/Ministral-8B-Instruct-2410,1,mistralai__Ministral_8B_Instruct_2410__sample_001,3,1,selected,P3,"Aisha, Rajesh, Maria"
Mistral,Ministral-8B-Instruct-2410,mistralai/Ministral-8B-Instruct-2410,6,mistralai__Ministral_8B_Instruct_2410__sample_006,3,0,ambiguous,,"Alex Johnson, Maria Rodriguez, Rajesh Kumar"
Mistral,Ministral-8B-Instruct-2410,mistralai/Ministral-8B-Instruct-2410,12,mistralai__Ministral_8B_Instruct_2410__sample_012,3,1,selected,P2,"Agent 1: Amina, Agent 2: Jian, Agent 3: Maria"
Mistral,Ministral-8B-Instruct-2410,mistralai/Ministral-8B-Instruct-2410,17,mistralai__Ministral_8B_Instruct_2410__sample_017,3,1,selected,P3,"Aisha Khan, José Rodriguez, Meera Patel"
Mistral,Ministral-8B-Instruct-2410,mistralai/Ministral-8B-Instruct-2410,23,mistralai__Ministral_8B_Instruct_2410__sample_023,3,1,selected,P3,"Alexei Ivanovich, Maria Martinez, Jamal Ali"
Mistral,Ministral-8B-Instruct-2410,mistralai/Ministral-8B-Instruct-2410,35,mistralai__Ministral_8B_Instruct_2410__sample_035,3,1,selected,P3,"Aisha, Carlos, Mei"
Mistral,Ministral-8B-Instruct-2410,mistralai/Ministral-8B-Instruct-2410,37,mistralai__Ministral_8B_Instruct_2410__sample_037,3,1,selected,P2,"Alex Johnson, Maria Rodriguez, Rahul Patel"
Mistral,Ministral-8B-Instruct-2410,mistralai/Ministral-8B-Instruct-2410,40,mistralai__Ministral_8B_Instruct_2410__sample_040,3,1,selected,P1,"Aisha Patel, Juan Rodriguez, Leila Ahmed"
Mistral,Ministral-8B-Instruct-2410,mistralai/Ministral-8B-Instruct-2410,48,mistralai__Ministral_8B_Instruct_2410__sample_048,3,1,selected,P1,"Amina Patel, Juan Carlos Rodriguez, Leena Kim"
Mistral,Ministral-8B-Instruct-2410,mistralai/Ministral-8B-Instruct-2410,50,mistralai__Ministral_8B_Instruct_2410__sample_050,3,1,selected,P2,"Jamal Khan, Maria Rodriguez, Li Wei"
Mistral,Ministral-8B-Instruct-2410,mistralai/Ministral-8B-Instruct-2410,59,mistralai__Ministral_8B_Instruct_2410__sample_059,3,1,selected,P3,"Aisha Ahmed, Maximilian Schmidt, Yasmin Lee"
Mistral,Ministral-8B-Instruct-2410,mistralai/Ministral-8B-Instruct-2410,3,mistralai__Ministral_8B_Instruct_2410__sample_003,3,1,selected,P3,"Aisha, Rajesh, Maria"
Mistral,Ministral-8B-Instruct-2410,mistralai/Ministral-8B-Instruct-2410,22,mistralai__Ministral_8B_Instruct_2410__sample_022,3,0,ambiguous,,"Alex Johnson, Maria Rodriguez, Rajesh Kumar"
Mistral,Ministral-8B-Instruct-2410,mistralai/Ministral-8B-Instruct-2410,47,mistralai__Ministral_8B_Instruct_2410__sample_047,3,1,selected,P2,"Agent 1: Amina, Agent 2: Jian, Agent 3: Maria"
Mistral,Ministral-8B-Instruct-2410,mistralai/Ministral-8B-Instruct-2410,8,mistralai__Ministral_8B_Instruct_2410__sample_008,3,1,selected,P3,"Aisha, Rajesh, Maria"
